INSERT INTO public.roles (id, deleted_at, created_at, updated_at, name, code, level) VALUES
('11ccffea-2cc9-4e98-9bef-3464dfe4dec8', NULL, '2022-11-07 09:50:25.714604', '2022-11-07 09:50:25.714604', 'Admin', 'admin', 1),
('d796884d-a8c4-4525-81e7-54a3b6099eac', NULL, '2022-11-07 09:50:25.714604', '2022-11-07 09:50:25.714604', 'Member', 'member', 2);

INSERT INTO public.permissions (id, deleted_at, created_at, updated_at, name, code) VALUES
('495c96ae-60f9-4c57-bc96-9504d0fedde6', NULL, '2022-11-11 18:34:14.743263', '2022-11-11 18:34:14.743263', 'Auth Read', 'auth.read'),
('01ed1076-4028-4fdf-9a92-cb57a8e041af', NULL, '2022-11-11 18:34:14.743263', '2022-11-11 18:34:14.743263', 'Employee Read', 'employees.read'),
('c353c4fd-5915-47f3-a59b-66ae75eae195', NULL, '2022-11-11 18:34:14.743263', '2022-11-11 18:34:14.743263', 'Employee Read Get Active', 'employees.read.readActive'),
('20a442b2-9763-41d4-b3c9-e436b37bf534', NULL, '2022-11-11 18:34:14.743263', '2022-11-11 18:34:14.743263', 'Employee Read', 'employees.fullAccess'),
('dc6fde9f-0b49-46d6-96bb-93be669b502b', NULL, '2022-11-11 18:34:14.743263', '2022-11-11 18:34:14.743263', 'Employee Read Full Personal Info', 'employees.read.personalInfo.fullAccess'),
('f75677d6-3e22-45d4-b921-81d6a3645157', NULL, '2022-11-11 18:34:14.743263', '2022-11-11 18:34:14.743263', 'Employee Read Full General Info', 'employees.read.generalInfo.fullAccess'),
('6add4087-e586-4313-b157-54d416bdc8d5', NULL, '2022-11-11 18:34:14.743263', '2022-11-11 18:34:14.743263', 'Employee Read Full Project Belong to One Employee', 'employees.read.projects.fullAccess'),
('911df73b-b860-4319-8944-c274781591ca', NULL, '2022-11-11 18:34:14.743263', '2022-11-11 18:34:14.743263', 'Employee Read Full Active Project Belong to One Employee', 'employees.read.projects.readActive'),
('5c1745b6-d920-47d2-986a-fe6c48802ace', NULL, '2022-11-11 18:34:14.743263', '2022-11-11 18:34:14.743263', 'Employee Read Line Manager', 'employees.read.lineManager.fullAccess'),
('834ce06a-2797-4974-bbdd-2dfffc431c5f', NULL, '2022-11-11 18:34:14.743263', '2022-11-11 18:34:14.743263', 'Employee Read Filter By All Statuses', 'employees.read.filterByAllStatuses'),
('11e16c63-87b2-4874-8961-c21716bdd97e', NULL, '2022-11-11 18:34:14.743263', '2022-11-11 18:34:14.743263', 'Employee Read Filter By All Statuses', 'employees.read.filterByProject'),
('a7549f30-987c-47d1-9266-452f3cfc68b7', NULL, '2022-11-11 18:34:14.743263', '2022-11-11 18:34:14.743263', 'Employee Create', 'employees.create'),
('e4e68398-da67-438f-9fb0-07a779b504a0', NULL, '2022-11-11 18:34:14.743263', '2022-11-11 18:34:14.743263', 'Employee Edit', 'employees.edit'),
('33279d12-6daa-41d3-a037-9f805e8ebf61', NULL, '2022-11-11 18:34:14.743263', '2022-11-11 18:34:14.743263', 'Employee Delete', 'employees.delete'),
('09a5fa4c-ad07-4dec-a16d-34e0f567ef1d', NULL, '2022-11-11 18:34:14.743263', '2022-11-11 18:34:14.743263', 'Project Create', 'projects.create'),
('35bb795a-0b9f-428c-861d-48c1e8d4e73a', NULL, '2022-11-11 18:34:14.743263', '2022-11-11 18:34:14.743263', 'Project Read', 'projects.read'),
('a8299847-4d10-41e9-8327-42e13e0672ae', NULL, '2022-11-11 18:34:14.743263', '2022-11-11 18:34:14.743263', 'Project Read Full Access', 'projects.read.fullAccess'),
('80a2c800-02ea-4264-9289-57b92e911097', NULL, '2022-11-11 18:34:14.743263', '2022-11-11 18:34:14.743263', 'Project Edit', 'projects.edit'),
('6118a1da-aa9a-40eb-b664-87a6969c5759', NULL, '2022-11-11 18:34:14.743263', '2022-11-11 18:34:14.743263', 'Project Commission Rate Read', 'projects.commissionRate.read'),
('79b1a377-7b73-4bea-90c2-330bda11b635', NULL, '2022-11-11 18:34:14.743263', '2022-11-11 18:34:14.743263', 'Project Commission Rate Edit', 'projects.commissionRate.edit'),
('6797aeac-7d5e-4216-b260-a8a3f62d3cf6', NULL, '2022-11-11 18:34:14.743263', '2022-11-11 18:34:14.743263', 'Project Member Create', 'projectMembers.create'),
('57ead3c5-b09f-4cd8-ac38-d9c0d4654af5', NULL, '2022-11-11 18:34:14.743263', '2022-11-11 18:34:14.743263', 'Project Member Read', 'projectMembers.read'),
('58719469-e01d-4667-bafa-12020931e317', NULL, '2022-11-11 18:34:14.743263', '2022-11-11 18:34:14.743263', 'Project Member Edit', 'projectMembers.edit'),
('1a1303f3-a929-41b3-be7f-d372e6aab87a', NULL, '2022-11-11 18:34:14.743263', '2022-11-11 18:34:14.743263', 'Project Member Delete', 'projectMembers.delete'),
('e33cc269-3a12-436e-aab7-75f14953388f', NULL, '2022-11-11 18:34:14.743263', '2022-11-11 18:34:14.743263', 'Project Member Rate Read', 'projectMembers.rate.read'),
('2f6c957c-725b-4da4-ad6d-9a23a1e18a98', NULL, '2022-11-11 18:34:14.743263', '2022-11-11 18:34:14.743263', 'Project Member Rate Edit', 'projectMembers.rate.edit'),
('819adaec-f4a2-4438-937d-fcd9cc15d76b', NULL, '2022-11-11 18:34:14.743263', '2022-11-11 18:34:14.743263', 'Work Unit Create', 'projectWorkUnits.create'),
('7c7937f6-f3ae-47a4-8ee1-fb03f2a5197b', NULL, '2022-11-11 18:34:14.743263', '2022-11-11 18:34:14.743263', 'Work Unit Create Full Access', 'projectWorkUnits.create.fullAccess'),
('7c2d5fef-3096-4b68-bd76-f26cb2a3baea', NULL, '2022-11-11 18:34:14.743263', '2022-11-11 18:34:14.743263', 'Work Unit Read', 'projectWorkUnits.read'),
('d2d5dad6-efa3-4d20-9b30-34c6c933fa5e', NULL, '2022-11-11 18:34:14.743263', '2022-11-11 18:34:14.743263', 'Work Unit Read Full Access', 'projectWorkUnits.read.fullAccess'),
('cb90c56a-60a8-4345-8001-bb7ab172b302', NULL, '2022-11-11 18:34:14.743263', '2022-11-11 18:34:14.743263', 'Work Unit Edit', 'projectWorkUnits.edit'),
('8bae7a76-9f0e-4074-bfb9-31c3ad9c88e6', NULL, '2022-11-11 18:34:14.743263', '2022-11-11 18:34:14.743263', 'Work Unit Edit Full Access', 'projectWorkUnits.edit.fullAccess'),
('6eb3bf29-87dc-490b-85b4-e591d416ac8f', NULL, '2022-11-11 18:34:14.743263', '2022-11-11 18:34:14.743263', 'Work Unit Delete', 'projectWorkUnits.delete'),
('455368b3-abbe-4bc7-beb3-01f070addc14', NULL, '2022-11-11 18:34:14.743263', '2022-11-11 18:34:14.743263', 'Work Unit Delete Full Access', 'projectWorkUnits.delete.fullAccess'),
('615cf3a6-89cb-4200-81b4-47542ae8b145', NULL, '2022-11-11 18:34:14.743263', '2022-11-11 18:34:14.743263', 'Feedback Create', 'feedbacks.create'),
('cc88051f-7eea-468e-a9ac-91757dde2581', NULL, '2022-11-11 18:34:14.743263', '2022-11-11 18:34:14.743263', 'Feedback Read', 'feedbacks.read'),
('3b542878-f597-421f-b4ac-5f71b0e22ddb', NULL, '2022-11-11 18:34:14.743263', '2022-11-11 18:34:14.743263', 'Feedback Edit', 'feedbacks.edit'),
('2969fd2a-ae44-414a-85ac-7a930c6de987', NULL, '2022-11-11 18:34:14.743263', '2022-11-11 18:34:14.743263', 'Feedback Delete', 'feedbacks.delete'),
('37219e6a-34f1-4d68-8727-db90ddd6f97e', NULL, '2022-11-11 18:34:14.743263', '2022-11-11 18:34:14.743263', 'Employee Event Question Create', 'employeeEventQuestions.create'),
('bfd6144d-0161-41f2-9cf5-3467d2a505fd', NULL, '2022-11-11 18:34:14.743263', '2022-11-11 18:34:14.743263', 'Employee Event Question Edit', 'employeeEventQuestions.edit'),
('be88150b-3ad5-4cef-8716-90873d194207', NULL, '2022-11-11 18:34:14.743263', '2022-11-11 18:34:14.743263', 'Employee Event Question Read', 'employeeEventQuestions.read'),
('23fe9fa0-d848-491f-8b6d-04ada45b9c51', NULL, '2022-11-11 18:34:14.743263', '2022-11-11 18:34:14.743263', 'Employee Event Question Delete', 'employeeEventQuestions.delete'),
('d5c1142a-86a6-4347-bdef-2ad41492b738', NULL, '2022-11-11 18:34:14.743263', '2022-11-11 18:34:14.743263', 'Survey Create', 'surveys.create'),
('ef32d604-42ec-40f8-9c34-08431d2c20d8', NULL, '2022-11-11 18:34:14.743263', '2022-11-11 18:34:14.743263', 'Survey Read', 'surveys.read'),
('f5906795-60d1-4e5f-88f2-e15f2fae2327', NULL, '2022-11-11 18:34:14.743263', '2022-11-11 18:34:14.743263', 'Survey Edit', 'surveys.edit'),
('dfc32d81-abfa-49ce-a8f6-cdc83c8da78b', NULL, '2022-11-11 18:34:14.743263', '2022-11-11 18:34:14.743263', 'Survey Delete', 'surveys.delete'),
('ed107409-30c5-4555-ba2e-7d77ee8027dc', NULL, '2022-11-11 18:34:14.743263', '2022-11-11 18:34:14.743263', 'Employee Mentees Create', 'employeeMentees.create'),
('0b8bc573-c8a8-49f4-8274-486990e76540', NULL, '2022-11-11 18:34:14.743263', '2022-11-11 18:34:14.743263', 'Employee Mentees Read', 'employeeMentees.read'),
('910cd3bd-3b9b-4243-899f-86ed47e9d1c9', NULL, '2022-11-11 18:34:14.743263', '2022-11-11 18:34:14.743263', 'Employee Mentees Edit', 'employeeMentees.edit'),
('967f2d24-1bd9-4b62-8136-7fed60dee6d9', NULL, '2022-11-11 18:34:14.743263', '2022-11-11 18:34:14.743263', 'Employee Mentees Delete', 'employeeMentees.delete'),
('050ee781-7f32-4d79-b3d3-1e9d550d4a8f', NULL, '2022-11-11 18:34:14.743263', '2022-11-11 18:34:14.743263', 'Metadata Create', 'metadata.create'),
('476156c1-70d8-4eb1-adc5-f8f5ec209666', NULL, '2022-11-11 18:34:14.743263', '2022-11-11 18:34:14.743263', 'Metadata Read', 'metadata.read'),
('a87e99c2-c40e-42e0-9310-943f2faa654b', NULL, '2022-11-11 18:34:14.743263', '2022-11-11 18:34:14.743263', 'Metadata Edit', 'metadata.edit'),
('befac4bf-bb20-4b46-9e56-f8175c93b191', NULL, '2022-11-11 18:34:14.743263', '2022-11-11 18:34:14.743263', 'Metadata Delete', 'metadata.delete'),
('f632f18c-98da-4c1a-b2c6-9ccd0c7c5a39', NULL, '2022-11-11 18:34:14.743263', '2022-11-11 18:34:14.743263', 'Employee Roles Create', 'employeeRoles.create'),
('5c5919b5-e74b-4854-bdf6-b91396a8317c', NULL, '2022-11-11 18:34:14.743263', '2022-11-11 18:34:14.743263', 'Employee Roles Read', 'employeeRoles.read'),
('68fe5bcf-38ae-446a-8cbb-8f88b5c6eb44', NULL, '2022-11-11 18:34:14.743263', '2022-11-11 18:34:14.743263', 'Employee Roles Edit', 'employeeRoles.edit'),
('98744d43-f14b-4235-8dfc-5265668daa21', NULL, '2022-11-11 18:34:14.743263', '2022-11-11 18:34:14.743263', 'Employee Roles Delete', 'employeeRoles.delete'),
('4be48741-f8b2-4562-964e-65c081fec7a9', NULL, '2022-11-11 18:34:14.743263', '2022-11-11 18:34:14.743263', 'Dashboard Create', 'dashboards.create'),
('f5854cfd-f990-46fd-a6cb-77b48a80b24b', NULL, '2022-11-11 18:34:14.743263', '2022-11-11 18:34:14.743263', 'Dashboard Read', 'dashboards.read'),
('6f4fe3df-9ab8-46c1-a8b7-9458413980f3', NULL, '2022-11-11 18:34:14.743263', '2022-11-11 18:34:14.743263', 'Dashboard Edit', 'dashboards.edit'),
('9c644140-c71d-4435-bd6b-a81171913046', NULL, '2022-11-11 18:34:14.743263', '2022-11-11 18:34:14.743263', 'Invoice Create', 'invoices.create'),
('259fb434-5321-43be-b007-76f3c2dfbfcc', NULL, '2022-11-11 18:34:14.743263', '2022-11-11 18:34:14.743263', 'Invoice Read', 'invoices.read'),
('fa6961f1-1cee-494f-8f1f-f4552b49b6fa', NULL, '2022-11-11 18:34:14.743263', '2022-11-11 18:34:14.743263', 'Invoice Edit', 'invoices.edit'),
('60768a38-8ff1-493a-85ba-b62df98a60d4', NULL, '2022-11-11 18:34:14.743263', '2022-11-11 18:34:14.743263', 'Invoice Delete', 'invoices.delete'),
('d93ede75-8fd5-4f88-b119-07493b757f4b', NULL, '2022-11-11 18:34:14.743263', '2022-11-11 18:34:14.743263', 'Dashboard Delete', 'dashboards.delete'),
('a66215da-48dc-419d-8e2d-3f409aa038e3', NULL, '2022-11-11 18:34:14.743263', '2022-11-11 18:34:14.743263', 'Dashboard Projects Read', 'dashboards.project.read'),
('36e9c7bd-c98f-4414-a8f4-164da5299874', NULL, '2022-11-11 18:34:14.743263', '2022-11-11 18:34:14.743263', 'Dashboard Resources Read', 'dashboards.resources.read'),
('ca0af093-65ed-48d4-a6d1-62985a35fd8f', NULL, '2022-11-11 18:34:14.743263', '2022-11-11 18:34:14.743263', 'Dashboard Engagement Read', 'dashboards.engagement.read');

INSERT INTO public.role_permissions (id, deleted_at, created_at, updated_at, role_id, permission_id) VALUES
('6ef5b987-0a8d-42e8-b52c-fe683cd7a060', NULL, '2022-11-11 18:35:27.069944', '2022-11-11 18:35:27.069944', '11ccffea-2cc9-4e98-9bef-3464dfe4dec8', '495c96ae-60f9-4c57-bc96-9504d0fedde6'),
('f73306cc-5b01-49bb-87af-a2c2af14bfae', NULL, '2022-11-11 18:35:27.069944', '2022-11-11 18:35:27.069944', '11ccffea-2cc9-4e98-9bef-3464dfe4dec8', '01ed1076-4028-4fdf-9a92-cb57a8e041af'),
('64b381e6-039e-42dc-bc13-b5ed46bac99d', NULL, '2022-11-11 18:35:27.069944', '2022-11-11 18:35:27.069944', '11ccffea-2cc9-4e98-9bef-3464dfe4dec8', 'c353c4fd-5915-47f3-a59b-66ae75eae195'),
('9b63e271-261c-4f2f-9675-5b760fe6fa29', NULL, '2022-11-11 18:35:27.069944', '2022-11-11 18:35:27.069944', '11ccffea-2cc9-4e98-9bef-3464dfe4dec8', '20a442b2-9763-41d4-b3c9-e436b37bf534'),
('642691b3-ac2e-45eb-9caa-0442e696d0da', NULL, '2022-11-11 18:35:27.069944', '2022-11-11 18:35:27.069944', '11ccffea-2cc9-4e98-9bef-3464dfe4dec8', 'dc6fde9f-0b49-46d6-96bb-93be669b502b'),
('bfed95b5-6dd7-4f67-91b3-10ef314f8d9c', NULL, '2022-11-11 18:35:27.069944', '2022-11-11 18:35:27.069944', '11ccffea-2cc9-4e98-9bef-3464dfe4dec8', 'f75677d6-3e22-45d4-b921-81d6a3645157'),
('db1f6ec9-11e5-427a-8b3d-1f93103c9648', NULL, '2022-11-11 18:35:27.069944', '2022-11-11 18:35:27.069944', '11ccffea-2cc9-4e98-9bef-3464dfe4dec8', '6add4087-e586-4313-b157-54d416bdc8d5'),
('76ac9b8b-f8c4-488c-bc5b-6f7afc9e336a', NULL, '2022-11-11 18:35:27.069944', '2022-11-11 18:35:27.069944', '11ccffea-2cc9-4e98-9bef-3464dfe4dec8', '911df73b-b860-4319-8944-c274781591ca'),
('2c373ed3-7464-4933-9778-70b34f893494', NULL, '2022-11-11 18:35:27.069944', '2022-11-11 18:35:27.069944', '11ccffea-2cc9-4e98-9bef-3464dfe4dec8', '834ce06a-2797-4974-bbdd-2dfffc431c5f'),
('2de51d66-7ba8-4144-8db6-f55ad2b90966', NULL, '2022-11-11 18:35:27.069944', '2022-11-11 18:35:27.069944', '11ccffea-2cc9-4e98-9bef-3464dfe4dec8', '11e16c63-87b2-4874-8961-c21716bdd97e'),
('43a5255c-f739-4de5-9014-e1531f88366c', NULL, '2022-11-11 18:35:27.069944', '2022-11-11 18:35:27.069944', '11ccffea-2cc9-4e98-9bef-3464dfe4dec8', '5c1745b6-d920-47d2-986a-fe6c48802ace'),
('ef3e5ee2-69b5-44a6-85fd-0b8e5329ae6b', NULL, '2022-11-11 18:35:27.069944', '2022-11-11 18:35:27.069944', '11ccffea-2cc9-4e98-9bef-3464dfe4dec8', 'a7549f30-987c-47d1-9266-452f3cfc68b7'),
('6ad4a140-86ee-442b-8a7a-a0566dbab1f4', NULL, '2022-11-11 18:35:27.069944', '2022-11-11 18:35:27.069944', '11ccffea-2cc9-4e98-9bef-3464dfe4dec8', 'e4e68398-da67-438f-9fb0-07a779b504a0'),
('531e689e-9be2-442b-ac31-111f12e11a89', NULL, '2022-11-11 18:35:27.069944', '2022-11-11 18:35:27.069944', '11ccffea-2cc9-4e98-9bef-3464dfe4dec8', '33279d12-6daa-41d3-a037-9f805e8ebf61'),
('29a63fdc-136d-4f5b-8103-32a16f3dc565', NULL, '2022-11-11 18:35:27.069944', '2022-11-11 18:35:27.069944', '11ccffea-2cc9-4e98-9bef-3464dfe4dec8', '09a5fa4c-ad07-4dec-a16d-34e0f567ef1d'),
('b3c345fd-e800-4a64-9f8c-56158e5918c5', NULL, '2022-11-11 18:35:27.069944', '2022-11-11 18:35:27.069944', '11ccffea-2cc9-4e98-9bef-3464dfe4dec8', '35bb795a-0b9f-428c-861d-48c1e8d4e73a'),
('4f023ef5-4b02-4254-a28b-a60d4e1e7efe', NULL, '2022-11-11 18:35:27.069944', '2022-11-11 18:35:27.069944', '11ccffea-2cc9-4e98-9bef-3464dfe4dec8', 'a8299847-4d10-41e9-8327-42e13e0672ae'),
('4a5fd07a-e308-4032-9a73-ace558e043c6', NULL, '2022-11-11 18:35:27.069944', '2022-11-11 18:35:27.069944', '11ccffea-2cc9-4e98-9bef-3464dfe4dec8', '80a2c800-02ea-4264-9289-57b92e911097'),
('a7b14563-51a8-4df9-a976-830ee2b12d47', NULL, '2022-11-11 18:35:27.069944', '2022-11-11 18:35:27.069944', '11ccffea-2cc9-4e98-9bef-3464dfe4dec8', '6797aeac-7d5e-4216-b260-a8a3f62d3cf6'),
('d08730ac-c3ff-44b9-983c-9effda8284ac', NULL, '2022-11-11 18:35:27.069944', '2022-11-11 18:35:27.069944', '11ccffea-2cc9-4e98-9bef-3464dfe4dec8', '57ead3c5-b09f-4cd8-ac38-d9c0d4654af5'),
('e2558cc9-73cf-4f60-be90-2a39ee2e95d1', NULL, '2022-11-11 18:35:27.069944', '2022-11-11 18:35:27.069944', '11ccffea-2cc9-4e98-9bef-3464dfe4dec8', '58719469-e01d-4667-bafa-12020931e317'),
('4d5ab598-e4e9-43ed-9b26-a4f42454c46d', NULL, '2022-11-11 18:35:27.069944', '2022-11-11 18:35:27.069944', '11ccffea-2cc9-4e98-9bef-3464dfe4dec8', '1a1303f3-a929-41b3-be7f-d372e6aab87a'),
('e242544a-24da-4820-8d28-8aa67001033d', NULL, '2022-11-11 18:35:27.069944', '2022-11-11 18:35:27.069944', '11ccffea-2cc9-4e98-9bef-3464dfe4dec8', '819adaec-f4a2-4438-937d-fcd9cc15d76b'),
('d33d31c3-217c-417e-9d42-8fc266540060', NULL, '2022-11-11 18:35:27.069944', '2022-11-11 18:35:27.069944', '11ccffea-2cc9-4e98-9bef-3464dfe4dec8', '7c7937f6-f3ae-47a4-8ee1-fb03f2a5197b'),
('1aef6c68-cc6c-4db3-b78f-c40b714ca4aa', NULL, '2022-11-11 18:35:27.069944', '2022-11-11 18:35:27.069944', '11ccffea-2cc9-4e98-9bef-3464dfe4dec8', '7c2d5fef-3096-4b68-bd76-f26cb2a3baea'),
('a5b34914-298b-4b29-912a-585478d39b44', NULL, '2022-11-11 18:35:27.069944', '2022-11-11 18:35:27.069944', '11ccffea-2cc9-4e98-9bef-3464dfe4dec8', 'd2d5dad6-efa3-4d20-9b30-34c6c933fa5e'),
('62256fae-d6af-4246-807f-83cd580b1ad3', NULL, '2022-11-11 18:35:27.069944', '2022-11-11 18:35:27.069944', '11ccffea-2cc9-4e98-9bef-3464dfe4dec8', 'cb90c56a-60a8-4345-8001-bb7ab172b302'),
('373882f2-3529-46f2-af14-8ca18611708d', NULL, '2022-11-11 18:35:27.069944', '2022-11-11 18:35:27.069944', '11ccffea-2cc9-4e98-9bef-3464dfe4dec8', '8bae7a76-9f0e-4074-bfb9-31c3ad9c88e6'),
('05043830-fb1a-4558-9b5c-be9bea090cad', NULL, '2022-11-11 18:35:27.069944', '2022-11-11 18:35:27.069944', '11ccffea-2cc9-4e98-9bef-3464dfe4dec8', '6eb3bf29-87dc-490b-85b4-e591d416ac8f'),
('063388c2-8da3-4812-b15b-9c8f4ad4f330', NULL, '2022-11-11 18:35:27.069944', '2022-11-11 18:35:27.069944', '11ccffea-2cc9-4e98-9bef-3464dfe4dec8', '455368b3-abbe-4bc7-beb3-01f070addc14'),
('8419b6c4-c09a-4dc9-ad0a-73dad343b1f0', NULL, '2022-11-11 18:35:27.069944', '2022-11-11 18:35:27.069944', '11ccffea-2cc9-4e98-9bef-3464dfe4dec8', '615cf3a6-89cb-4200-81b4-47542ae8b145'),
('659369d5-577a-444f-b4c9-fc9c3b3bae2d', NULL, '2022-11-11 18:35:27.069944', '2022-11-11 18:35:27.069944', '11ccffea-2cc9-4e98-9bef-3464dfe4dec8', 'cc88051f-7eea-468e-a9ac-91757dde2581'),
('24783453-3676-4419-b46c-bbfff792bfda', NULL, '2022-11-11 18:35:27.069944', '2022-11-11 18:35:27.069944', '11ccffea-2cc9-4e98-9bef-3464dfe4dec8', '3b542878-f597-421f-b4ac-5f71b0e22ddb'),
('71dffa83-cc11-4dad-a63e-4ef750941e8a', NULL, '2022-11-11 18:35:27.069944', '2022-11-11 18:35:27.069944', '11ccffea-2cc9-4e98-9bef-3464dfe4dec8', '2969fd2a-ae44-414a-85ac-7a930c6de987'),
('b10b076f-c7bc-4c1a-a591-50baf56e125b', NULL, '2022-11-11 18:35:27.069944', '2022-11-11 18:35:27.069944', '11ccffea-2cc9-4e98-9bef-3464dfe4dec8', '37219e6a-34f1-4d68-8727-db90ddd6f97e'),
('57b6a898-1e39-4bf5-b2ea-132d10455202', NULL, '2022-11-11 18:35:27.069944', '2022-11-11 18:35:27.069944', '11ccffea-2cc9-4e98-9bef-3464dfe4dec8', 'bfd6144d-0161-41f2-9cf5-3467d2a505fd'),
('76d22f5c-8301-4e4a-b50a-da6a7d663ba0', NULL, '2022-11-11 18:35:27.069944', '2022-11-11 18:35:27.069944', '11ccffea-2cc9-4e98-9bef-3464dfe4dec8', 'be88150b-3ad5-4cef-8716-90873d194207'),
('917e223d-dd4c-4a4c-be5c-72542e172878', NULL, '2022-11-11 18:35:27.069944', '2022-11-11 18:35:27.069944', '11ccffea-2cc9-4e98-9bef-3464dfe4dec8', '23fe9fa0-d848-491f-8b6d-04ada45b9c51'),
('3f8e359e-610f-430a-be64-355ae8c15161', NULL, '2022-11-11 18:35:27.069944', '2022-11-11 18:35:27.069944', '11ccffea-2cc9-4e98-9bef-3464dfe4dec8', 'd5c1142a-86a6-4347-bdef-2ad41492b738'),
('f949284f-5c23-40c9-bdc9-5987e5301c50', NULL, '2022-11-11 18:35:27.069944', '2022-11-11 18:35:27.069944', '11ccffea-2cc9-4e98-9bef-3464dfe4dec8', 'ef32d604-42ec-40f8-9c34-08431d2c20d8'),
('263e57fc-f171-4a6f-a285-2b7d538ecec6', NULL, '2022-11-11 18:35:27.069944', '2022-11-11 18:35:27.069944', '11ccffea-2cc9-4e98-9bef-3464dfe4dec8', 'f5906795-60d1-4e5f-88f2-e15f2fae2327'),
('d1b42bd7-32f1-4f14-8dcc-009375ae196f', NULL, '2022-11-11 18:35:27.069944', '2022-11-11 18:35:27.069944', '11ccffea-2cc9-4e98-9bef-3464dfe4dec8', 'dfc32d81-abfa-49ce-a8f6-cdc83c8da78b'),
('067dbc36-ca1b-40be-bfc1-9289ea617a8d', NULL, '2022-11-11 18:35:27.069944', '2022-11-11 18:35:27.069944', '11ccffea-2cc9-4e98-9bef-3464dfe4dec8', 'ed107409-30c5-4555-ba2e-7d77ee8027dc'),
('be045620-f435-4220-850d-d4b2be887746', NULL, '2022-11-11 18:35:27.069944', '2022-11-11 18:35:27.069944', '11ccffea-2cc9-4e98-9bef-3464dfe4dec8', '0b8bc573-c8a8-49f4-8274-486990e76540'),
('357c4d81-59bd-46d7-8c9b-78a7b697e52d', NULL, '2022-11-11 18:35:27.069944', '2022-11-11 18:35:27.069944', '11ccffea-2cc9-4e98-9bef-3464dfe4dec8', '910cd3bd-3b9b-4243-899f-86ed47e9d1c9'),
('a6e38701-6efb-4a86-92b7-a6db7ada7064', NULL, '2022-11-11 18:35:27.069944', '2022-11-11 18:35:27.069944', '11ccffea-2cc9-4e98-9bef-3464dfe4dec8', '967f2d24-1bd9-4b62-8136-7fed60dee6d9'),
('995e790d-b8bc-44ee-a04d-1cc7cae4e6c3', NULL, '2022-11-11 18:35:27.069944', '2022-11-11 18:35:27.069944', '11ccffea-2cc9-4e98-9bef-3464dfe4dec8', '050ee781-7f32-4d79-b3d3-1e9d550d4a8f'),
('f77dd4e7-b472-4e90-baaa-35d79854f24f', NULL, '2022-11-11 18:35:27.069944', '2022-11-11 18:35:27.069944', '11ccffea-2cc9-4e98-9bef-3464dfe4dec8', '476156c1-70d8-4eb1-adc5-f8f5ec209666'),
('080fd0f5-8e12-4b2d-936e-a012615bd563', NULL, '2022-11-11 18:35:27.069944', '2022-11-11 18:35:27.069944', '11ccffea-2cc9-4e98-9bef-3464dfe4dec8', 'a87e99c2-c40e-42e0-9310-943f2faa654b'),
('d052884a-f03f-4f27-a99b-8aff6edfe5f5', NULL, '2022-11-11 18:35:27.069944', '2022-11-11 18:35:27.069944', '11ccffea-2cc9-4e98-9bef-3464dfe4dec8', 'befac4bf-bb20-4b46-9e56-f8175c93b191'),
('77c22876-ba30-4446-b8d3-54f4d7d9fe9a', NULL, '2022-11-11 18:35:27.069944', '2022-11-11 18:35:27.069944', '11ccffea-2cc9-4e98-9bef-3464dfe4dec8', 'f632f18c-98da-4c1a-b2c6-9ccd0c7c5a39'),
('2125b270-507d-4760-8f08-84cff8b0794a', NULL, '2022-11-11 18:35:27.069944', '2022-11-11 18:35:27.069944', '11ccffea-2cc9-4e98-9bef-3464dfe4dec8', '5c5919b5-e74b-4854-bdf6-b91396a8317c'),
('1e7e7b3c-fc0d-46ad-b822-4bce45d82ad1', NULL, '2022-11-11 18:35:27.069944', '2022-11-11 18:35:27.069944', '11ccffea-2cc9-4e98-9bef-3464dfe4dec8', '68fe5bcf-38ae-446a-8cbb-8f88b5c6eb44'),
('8d13bab8-ca01-4ccd-b5ff-9c97cc969b0a', NULL, '2022-11-11 18:35:27.069944', '2022-11-11 18:35:27.069944', '11ccffea-2cc9-4e98-9bef-3464dfe4dec8', '98744d43-f14b-4235-8dfc-5265668daa21'),
('86aae609-c38d-407c-9428-06e9cc812302', NULL, '2022-11-11 18:35:27.069944', '2022-11-11 18:35:27.069944', '11ccffea-2cc9-4e98-9bef-3464dfe4dec8', '4be48741-f8b2-4562-964e-65c081fec7a9'),
('f8054472-8545-41ed-a654-ce6e84844b55', NULL, '2022-11-11 18:35:27.069944', '2022-11-11 18:35:27.069944', '11ccffea-2cc9-4e98-9bef-3464dfe4dec8', 'f5854cfd-f990-46fd-a6cb-77b48a80b24b'),
('15796145-1534-4362-977e-69699646cda0', NULL, '2022-11-11 18:35:27.069944', '2022-11-11 18:35:27.069944', '11ccffea-2cc9-4e98-9bef-3464dfe4dec8', '6f4fe3df-9ab8-46c1-a8b7-9458413980f3'),
('6cd703ce-72b6-466b-8262-ba3fdf1d1d57', NULL, '2022-11-11 18:35:27.069944', '2022-11-11 18:35:27.069944', '11ccffea-2cc9-4e98-9bef-3464dfe4dec8', '9c644140-c71d-4435-bd6b-a81171913046'),
('39a58779-f4c3-4e46-b9af-3ae867554d2e', NULL, '2022-11-11 18:35:27.069944', '2022-11-11 18:35:27.069944', '11ccffea-2cc9-4e98-9bef-3464dfe4dec8', '259fb434-5321-43be-b007-76f3c2dfbfcc'),
('cad5bfb9-2421-487b-a217-e8e2108271c7', NULL, '2022-11-11 18:35:27.069944', '2022-11-11 18:35:27.069944', '11ccffea-2cc9-4e98-9bef-3464dfe4dec8', 'fa6961f1-1cee-494f-8f1f-f4552b49b6fa'),
('a5c9bbc2-5ab6-4219-add8-532763ff9490', NULL, '2022-11-11 18:35:27.069944', '2022-11-11 18:35:27.069944', '11ccffea-2cc9-4e98-9bef-3464dfe4dec8', '60768a38-8ff1-493a-85ba-b62df98a60d4'),
('e3db8e5a-0f9d-4ab9-8d6f-f16e3e3f8bbe', NULL, '2022-11-11 18:35:27.069944', '2022-11-11 18:35:27.069944', '11ccffea-2cc9-4e98-9bef-3464dfe4dec8', 'a66215da-48dc-419d-8e2d-3f409aa038e3'),
('9b175068-7a0f-415c-8e98-5fa92895984f', NULL, '2022-11-11 18:35:27.069944', '2022-11-11 18:35:27.069944', '11ccffea-2cc9-4e98-9bef-3464dfe4dec8', '36e9c7bd-c98f-4414-a8f4-164da5299874'),
('e84db5f8-66bc-408c-a38b-659cdf254b0b', NULL, '2022-11-11 18:35:27.069944', '2022-11-11 18:35:27.069944', '11ccffea-2cc9-4e98-9bef-3464dfe4dec8', 'ca0af093-65ed-48d4-a6d1-62985a35fd8f'),
('4dcc0416-d5e8-43a7-8694-2cd55c2f160e', NULL, '2022-11-11 18:35:27.069944', '2022-11-11 18:35:27.069944', '11ccffea-2cc9-4e98-9bef-3464dfe4dec8', 'd93ede75-8fd5-4f88-b119-07493b757f4b'),
('10649145-3440-49f4-bb42-b6670eabd579', NULL, '2022-11-11 18:35:27.069944', '2022-11-11 18:35:27.069944', '11ccffea-2cc9-4e98-9bef-3464dfe4dec8', '6118a1da-aa9a-40eb-b664-87a6969c5759'),
('4177d9fb-9968-4eae-b3e3-66541295305a', NULL, '2022-11-11 18:35:27.069944', '2022-11-11 18:35:27.069944', '11ccffea-2cc9-4e98-9bef-3464dfe4dec8', '79b1a377-7b73-4bea-90c2-330bda11b635'),
('0f987cdd-1af4-4d54-bd5f-017ce5a6f64d', NULL, '2022-11-11 18:35:27.069944', '2022-11-11 18:35:27.069944', '11ccffea-2cc9-4e98-9bef-3464dfe4dec8', 'e33cc269-3a12-436e-aab7-75f14953388f'),
('09c991c4-bb65-4088-badb-80f916a51600', NULL, '2022-11-11 18:35:27.069944', '2022-11-11 18:35:27.069944', '11ccffea-2cc9-4e98-9bef-3464dfe4dec8', '2f6c957c-725b-4da4-ad6d-9a23a1e18a98');

INSERT INTO public.positions (id, deleted_at, created_at, updated_at, name, code) VALUES
('11ccffea-2cc9-4e98-9bef-3464dfe4dec8', NULL, '2022-11-07 09:50:25.714604', '2022-11-07 09:50:25.714604', 'Frontend', 'frontend'),
('d796884d-a8c4-4525-81e7-54a3b6099eac', NULL, '2022-11-07 09:50:25.714604', '2022-11-07 09:50:25.714604', 'Backend', 'backend'),
('dac16ce6-9e5a-4ff3-9ea2-fdea4853925e', NULL, '2022-11-07 09:50:25.714604', '2022-11-07 09:50:25.714604', 'Devops', 'devops'),
('01fb6322-d727-47e3-a242-5039ea4732fc', NULL, '2022-11-07 09:50:25.714604', '2022-11-07 09:50:25.714604', 'Blockchain', 'blockchain'),
('39735742-829b-47f3-8f9d-daf0983914e5', NULL, '2022-11-07 09:50:25.714604', '2022-11-07 09:50:25.714604', 'Project-Management', 'project-management');

INSERT INTO public.countries (id, deleted_at, created_at, updated_at, name, code, cities) VALUES
('da9031ce-0d6e-4344-b97a-a2c44c66153e', null, '2022-11-08 08:08:09.881727', '2022-11-08 08:08:09.881727', 'Singapore', '+65', '[{"lat": "", "long": "", "name": "Singapore"}]'),
('4ef64490-c906-4192-a7f9-d2221dadfe4c', null, '2022-11-08 08:06:56.068148', '2022-11-08 08:06:56.068148', 'Vietnam', '+84', '[{"lat": "", "long": "", "name": "Hồ Chí Minh"}, {"lat": "", "long": "", "name": "An Giang"}, {"lat": "", "long": "", "name": "Bà Rịa-Vũng Tàu"}, {"lat": "", "long": "", "name": "Bình Dương"}, {"lat": "", "long": "", "name": "Bình Định"}, {"lat": "", "long": "", "name": "Bình Phước"}, {"lat": "", "long": "", "name": "Bình Thuận"}, {"lat": "", "long": "", "name": "Bạc Liêu"}, {"lat": "", "long": "", "name": "Bắc Giang"}, {"lat": "", "long": "", "name": "Bắc Kạn"}, {"lat": "", "long": "", "name": "Bắc Ninh"}, {"lat": "", "long": "", "name": "Bến Tre"}, {"lat": "", "long": "", "name": "Cao Bằng"}, {"lat": "", "long": "", "name": "Cà Mau"}, {"lat": "", "long": "", "name": "Cần Thơ"}, {"lat": "", "long": "", "name": "Điện Biên"}, {"lat": "", "long": "", "name": "Đà Nẵng"}, {"lat": "", "long": "", "name": "Đắk Lắk"}, {"lat": "", "long": "", "name": "Đồng Nai"}, {"lat": "", "long": "", "name": "Đắk Nông"}, {"lat": "", "long": "", "name": "Đồng Tháp"}, {"lat": "", "long": "", "name": "Gia Lai"}, {"lat": "", "long": "", "name": "Hoà Bình"}, {"lat": "", "long": "", "name": "Hà Giang"}, {"lat": "", "long": "", "name": "Hà Nam"}, {"lat": "", "long": "", "name": "Hà Nội"}, {"lat": "", "long": "", "name": "Hà Tĩnh"}, {"lat": "", "long": "", "name": "Hải Dương"}, {"lat": "", "long": "", "name": "Hải Phòng"}, {"lat": "", "long": "", "name": "Hậu Giang"}, {"lat": "", "long": "", "name": "Hưng Yên"}, {"lat": "", "long": "", "name": "Khánh Hòa"}, {"lat": "", "long": "", "name": "Kiên Giang"}, {"lat": "", "long": "", "name": "Kon Tum"}, {"lat": "", "long": "", "name": "Lai Châu"}, {"lat": "", "long": "", "name": "Lâm Đồng"}, {"lat": "", "long": "", "name": "Lạng Sơn"}, {"lat": "", "long": "", "name": "Lào Cai"}, {"lat": "", "long": "", "name": "Long An"}, {"lat": "", "long": "", "name": "Nam Định"}, {"lat": "", "long": "", "name": "Nghệ An"}, {"lat": "", "long": "", "name": "Ninh Bình"}, {"lat": "", "long": "", "name": "Ninh Thuận"}, {"lat": "", "long": "", "name": "Phú Thọ"}, {"lat": "", "long": "", "name": "Phú Yên"}, {"lat": "", "long": "", "name": "Quảng Bình"}, {"lat": "", "long": "", "name": "Quảng Nam"}, {"lat": "", "long": "", "name": "Quảng Ngãi"}, {"lat": "", "long": "", "name": "Quảng Ninh"}, {"lat": "", "long": "", "name": "Quảng Trị"}, {"lat": "", "long": "", "name": "Sóc Trăng"}, {"lat": "", "long": "", "name": "Sơn La"}, {"lat": "", "long": "", "name": "Thanh Hóa"}, {"lat": "", "long": "", "name": "Thái Bình"}, {"lat": "", "long": "", "name": "Thái Nguyên"}, {"lat": "", "long": "", "name": "Thừa Thiên Huế"}, {"lat": "", "long": "", "name": "Tiền Giang"}, {"lat": "", "long": "", "name": "Trà Vinh"}, {"lat": "", "long": "", "name": "Tuyên Quang"}, {"lat": "", "long": "", "name": "Tây Ninh"}, {"lat": "", "long": "", "name": "Vĩnh Long"}, {"lat": "", "long": "", "name": "Vĩnh Phúc"}, {"lat": "", "long": "", "name": "Yên Bái"}]');

INSERT INTO public.seniorities (id, deleted_at, created_at, updated_at, name, code, level) VALUES
('11ccffea-2cc9-4e98-9bef-3464dfe4dec8', NULL, '2022-11-07 09:50:25.714604', '2022-11-07 09:50:25.714604', 'Fresher', 'fresher', 1),
('d796884d-a8c4-4525-81e7-54a3b6099eac', NULL, '2022-11-07 09:50:25.714604', '2022-11-07 09:50:25.714604', 'Junior', 'junior', 2),
('dac16ce6-9e5a-4ff3-9ea2-fdea4853925e', NULL, '2022-11-07 09:50:25.714604', '2022-11-07 09:50:25.714604', 'Mid', 'mid', 3),
('01fb6322-d727-47e3-a242-5039ea4732fc', NULL, '2022-11-07 09:50:25.714604', '2022-11-07 09:50:25.714604', 'Senior', 'senior', 4),
('01fb6322-d727-47e3-a242-5039ea4732fd', NULL, '2022-11-07 09:50:25.714604', '2022-11-07 09:50:25.714604', 'Staff', 'staff', 5),
('39735742-829b-47f3-8f9d-daf0983914e5', NULL, '2022-11-07 09:50:25.714604', '2022-11-07 09:50:25.714604', 'Principal', 'principal', 6);

INSERT INTO public.stacks (id, deleted_at, created_at, updated_at, name, code, avatar) VALUES
('0ecf47c8-cca4-4c30-94bb-054b1124c44f', NULL, '2022-11-11 18:38:46.266725', '2022-11-11 18:38:46.266725', 'Golang', 'golang', NULL),
('fa0f4e46-7eab-4e5c-9d31-30489e69fe2e', NULL, '2022-11-11 18:38:46.266725', '2022-11-11 18:38:46.266725', 'React', 'react', NULL),
('b403ef95-4269-4830-bbb6-8e56e5ec0af4', NULL, '2022-11-11 18:38:46.266725', '2022-11-11 18:38:46.266725', 'Google Cloud', 'gcloud', NULL);

INSERT INTO public.chapters (id, deleted_at, created_at, updated_at, name, code, lead_id) VALUES
('11ccffea-2cc9-4e98-9bef-3464dfe4dec8', NULL, '2022-11-07 09:50:25.714604', '2022-11-07 09:50:25.714604', 'Web', 'web',NULL),
('d796884d-a8c4-4525-81e7-54a3b6099eac', NULL, '2022-11-07 09:50:25.714604', '2022-11-07 09:50:25.714604', 'Backend', 'backend',NULL),
('dac16ce6-9e5a-4ff3-9ea2-fdea4853925e', NULL, '2022-11-07 09:50:25.714604', '2022-11-07 09:50:25.714604', 'BlockChain', 'blockchain',NULL),
('01fb6322-d727-47e3-a242-5039ea4732fc', NULL, '2022-11-07 09:50:25.714604', '2022-11-07 09:50:25.714604', 'DevOps', 'devops',NULL),
('01fb6322-d727-47e3-a242-5039ea4732fd', NULL, '2022-11-07 09:50:25.714604', '2022-11-07 09:50:25.714604', 'Mobile', 'mobile',NULL),
('01fb6322-d727-47e3-a242-5039ea4732fe', NULL, '2022-11-07 09:50:25.714604', '2022-11-07 09:50:25.714604', 'QA', 'qa',NULL),
('39735742-829b-47f3-8f9d-daf0983914e5', NULL, '2022-11-07 09:50:25.714604', '2022-11-07 09:50:25.714604', 'PM', 'pm',NULL);

INSERT INTO public.currencies (id, deleted_at, created_at, updated_at, name, symbol, locale, type) VALUES
('06a699ed-618b-400b-ac8c-8739956fa8e7', NULL, '2019-02-20 04:24:14.967209+00', '2019-02-20 04:24:14.967209+00', 'GBP', '£', 'en-gb', 'fiat'),
('0a6f4a2e-a097-4f7e-ae65-bfee3298e5cc', NULL, '2020-11-23 08:59:49.802559+00', '2020-11-23 08:59:49.802559+00', 'TEN', NULL, NULL, 'crypto'),
('1c7dcbe2-6984-461d-8ed9-537676f2b590', NULL, '2021-07-21 18:10:24.194492+00', '2021-07-21 18:10:24.194492+00', 'USD', '$', 'en-us', 'crypto'),
('283e559f-a7e7-4aa7-9e08-4806d6c07016', NULL, '2019-02-20 04:24:14.967209+00', '2019-02-20 04:24:14.967209+00', 'EUR', '€', 'en-gb', 'fiat'),
('2de81125-a947-4fea-a006-2c60e7ec01ed', NULL, '2020-02-28 07:18:02.349700+00', '2020-02-28 07:18:02.349700+00', 'CAD', 'c$', 'en-ca', 'fiat'),
('7037bdb6-584e-4e35-996d-ef28a243f48a', NULL, '2019-02-11 06:14:51.305496+00', '2019-02-11 06:14:51.305496+00', 'VND', 'đ', 'vi-vn', 'fiat'),
('bf256e69-28b0-4d9f-bf48-3662854157a9', NULL, '2019-10-28 14:14:52.302051+00', '2019-10-28 14:14:52.302051+00', 'SGD', 's$', 'en-sg', 'fiat'),
('f00498e4-7a4c-4f61-b126-b84b5faeee06', NULL, '2019-02-11 06:14:51.305496+00', '2019-02-11 06:14:51.305496+00', 'USD', '$', 'en-us', 'fiat');

INSERT INTO public.questions (id, deleted_at, created_at, updated_at, category, subcategory, content, type, "order", domain) VALUES 
('da5dbdd5-8e1e-4ae7-8bb8-ab007f2580aa', NULL, '2022-12-06 03:02:39.049420', '2022-12-06 03:02:39.049420', 'survey', 'peer-review', 'Does this employee effectively communicate with others?', 'general', 1, NULL),
('7d95e035-81d6-49d7-bed4-3a83bf2e34d6', NULL, '2022-12-06 03:02:39.049420', '2022-12-06 03:02:39.049420', 'survey', 'peer-review', 'How effective of a leader is this person, either through direct management or influence?', 'general', 2, NULL),
('d36e84c5-d7a4-4d5f-ada1-f6b9ddb58f51', NULL, '2022-12-06 03:02:39.049420', '2022-12-06 03:02:39.049420', 'survey', 'peer-review', 'Does this person find creative solutions, and own the solution to problems? Are they proactive or reactive?', 'general', 3, NULL),
('f03432ba-c024-467e-8059-a5bb2b7f783d', NULL, '2022-12-06 03:02:39.049420', '2022-12-06 03:02:39.049420', 'survey', 'peer-review', 'How would you rate the quality of the employee''s work?', 'general', 4, NULL),
('d2bb48c1-e8d6-4946-a372-8499907b7328', NULL, '2022-12-06 03:02:39.049420', '2022-12-06 03:02:39.049420', 'survey', 'peer-review', 'How well does this person set and meet deadlines?', 'general', 5, NULL),
('be86ce52-803b-403f-b059-1a69492fe3d4', NULL, '2022-12-06 03:02:39.049420', '2022-12-06 03:02:39.049420', 'survey', 'peer-review', 'How well does this person embody our culture?', 'general', 6, NULL),
('51eab8c7-61ba-4c56-be39-b72eb6b89a52', NULL, '2022-12-06 03:02:39.049420', '2022-12-06 03:02:39.049420', 'survey', 'peer-review', 'If you could give this person one piece of constructive advice to make them more effective in their role, what would you say?', 'general', 7, NULL),
('4e71821e-e8d7-4fc9-9f02-7b4de4efa7f8', NULL, '2022-12-06 03:02:39.049420', '2022-12-06 03:02:39.049420', 'survey', 'engagement', 'I know what is expected of me at work.', 'likert-scale', 1, 'engagement'),
('ba00c397-f8ad-4cbd-ba63-02ac903d0886', NULL, '2022-12-06 03:07:13.021661', '2022-12-06 03:07:13.021661', 'survey', 'engagement', 'I have the materials and equipment I need to do my work right.', 'likert-scale', 2, 'engagement'),
('8c25c7c1-5148-4b85-92b2-5db919b0a118', NULL, '2022-12-06 03:07:13.021661', '2022-12-06 03:07:13.021661', 'survey', 'engagement', 'At work, I have the opportunity to do what I do best every day.', 'likert-scale', 3, 'engagement'),
('6c6bf3d6-46cd-46d3-9ea6-f382a5052588', NULL, '2022-12-06 03:07:13.021661', '2022-12-06 03:07:13.021661', 'survey', 'engagement', 'In the last seven days, I have received recognition or praise for doing good work.', 'likert-scale', 4, 'engagement'),
('c7f2081a-11e6-4a2e-9e0c-852faaaf3d16', NULL, '2022-12-06 03:07:13.021661', '2022-12-06 03:07:13.021661', 'survey', 'engagement', 'My supervisor, or someone at work, seems to care about me as a person.', 'likert-scale', 5, 'engagement'),
('729cf731-ba4c-4b62-8aa6-8f4a9f4507b8', NULL, '2022-12-06 03:07:13.021661', '2022-12-06 03:07:13.021661', 'survey', 'engagement', 'There is someone at work who encourages my development.', 'likert-scale', 6, 'engagement'),
('ee16d005-4f9f-4a0c-93b0-43db5f8edbb3', NULL, '2022-12-06 03:07:13.021661', '2022-12-06 03:07:13.021661', 'survey', 'engagement', 'At work, my opinions seem to count.', 'likert-scale', 7, 'engagement'),
('989d8e60-4b71-46d6-8d56-77ca8d37877c', NULL, '2022-12-06 03:07:13.021661', '2022-12-06 03:07:13.021661', 'survey', 'engagement', 'The mission or purpose of my company makes me feel my job is important.', 'likert-scale', 8, 'engagement'),
('41db6b66-6942-43b3-b1fc-568ba4579762', NULL, '2022-12-06 03:07:13.021661', '2022-12-06 03:07:13.021661', 'survey', 'engagement', 'My associates or fellow employees are committed to doing quality work.', 'likert-scale', 9, 'engagement'),
('1b9a91c7-7e67-4693-bb43-74170aaa0e3f', NULL, '2022-12-06 03:07:13.021661', '2022-12-06 03:07:13.021661', 'survey', 'engagement', 'I have a best friend at work.', 'likert-scale', 10, 'engagement'),
('edb5f946-1d2b-4029-9b1f-57483e92be60', NULL, '2022-12-06 03:07:13.021661', '2022-12-06 03:07:13.021661', 'survey', 'engagement', 'In the last six months, someone at work has talked to me about my progress.', 'likert-scale', 11, 'engagement'),
('8d5f0723-e867-430e-82fc-26f8809140b2', NULL, '2022-12-06 03:07:13.021661', '2022-12-06 03:07:13.021661', 'survey', 'engagement', 'This last year, I have had opportunities at work to learn and grow.', 'likert-scale', 12, 'engagement'),
('e703b6ee-e71a-4897-8716-f3811963ffab', NULL, '2022-12-06 03:07:13.021661', '2022-12-06 03:07:13.021661', 'survey', 'work', 'How do you feel about your workload?', 'likert-scale', 1, 'workload'),
('d9bf74dd-6f25-44e3-b83c-9b7fb19af548', NULL, '2022-12-06 03:07:13.021661', '2022-12-06 03:07:13.021661', 'survey', 'work', 'Do you think the team can make the deadline?', 'likert-scale', 2, 'deadline'),
('627b2be7-2dcb-4574-b8db-24d67f06e7b0', NULL, '2022-12-06 03:07:13.021661', '2022-12-06 03:07:13.021661', 'survey', 'work', 'How much did you learn from your work and your team this week?', 'likert-scale', 3, 'learning');

INSERT INTO public.clients (id, deleted_at, created_at, updated_at, name, description, registration_number, address, country, industry, website, emails) VALUES
('afb9cf05-9517-4fb9-a4f2-66e6d90ad215', null, '2023-02-07 18:41:35.740901', '2023-02-07 18:41:35.740901', 'Lorem Ipsum Inc.', 'Lorem ipsum dolor sit amet, consectetur adipiscing elit.', '32320398488', 'Hado Centrosa', 'Vietnam', 'Technology', 'https://d.foundations', '{benjamin@d.foundation,namnh@d.foundation}');

INSERT INTO public.client_contacts (id, deleted_at, created_at, updated_at, name, client_id, role, metadata, emails, is_main_contact) VALUES
('0569e64d-3b57-454a-ab88-0482e087eb5f', null, '2023-02-07 19:05:04.354072', '2023-02-07 19:05:04.354072', 'Thanh Pham ', 'afb9cf05-9517-4fb9-a4f2-66e6d90ad215', 'PM', null, '["thanh@d.foundation", "huytq@d.foundation"]', true);

INSERT INTO public.company_infos (id, deleted_at, created_at, updated_at, name, description, registration_number, info) VALUES
('2b57ec32-19c2-46f0-8cf5-04623241a464', null, '2023-02-07 18:42:38.328707', '2023-02-07 18:42:38.328707', 'Dwarves Foundation', null, '1245888282', '{"vn": {"phone": "0988999999", "address": "Hado Centrosa"}}');

INSERT INTO public.invoice_number_caching (id, deleted_at, created_at, updated_at, key, number) VALUES
('25938962-611b-45ad-b6be-c0a1365ea1de', null, '2023-02-07 18:57:47.312554', '2023-02-07 18:57:47.312554', 'year_invoice_2023', 1),
('10fa5046-199d-4d9a-bbf9-44345127be79', null, '2023-02-07 18:59:45.024935', '2023-02-07 18:59:45.024935', 'project_invoice_fortress_2023', 1);

INSERT INTO public.bank_accounts (id, deleted_at, created_at, updated_at, account_number, bank_name, currency_id, owner_name, address, swift_code, routing_number, name, uk_sort_code) VALUES
('fc6b1743-05c5-4152-9340-1d20d96d8fc0', null, '2023-02-07 18:39:35.547782', '2023-02-07 18:39:35.547782', '0999999888', 'ACB', '7037bdb6-584e-4e35-996d-ef28a243f48a', 'Dwarves Foundation', 'Hado Centrosa', 'AVBWFPW', null, 'DF Bank Account', null);

INSERT INTO public.organizations (id, deleted_at, created_at, updated_at, name, code, avatar) VALUES
('31fdf38f-77c0-4c06-b530-e2be8bc297e0', NULL, '2023-01-19 11:13:13.487168', '2023-01-19 11:13:13.487168', 'Dwarves Foundation', 'dwarves-foundation', NULL),
('e4725383-943a-468a-b0cd-ce249c573cf7', NULL, '2023-01-19 11:13:13.487168', '2023-01-19 11:13:13.487168', 'Console Labs', 'console-labs', NULL);

INSERT INTO public.employees (id, deleted_at, created_at, updated_at, full_name, display_name, gender, team_email, personal_email, avatar, phone_number, address, mbti, horoscope, passport_photo_front, passport_photo_back, identity_card_photo_front, identity_card_photo_back, date_of_birth, working_status, joined_date, left_date, basecamp_id, basecamp_attachable_sgid, wise_recipient_email, wise_recipient_name, wise_recipient_id, wise_account_number, wise_currency, local_bank_branch, local_bank_number, local_bank_currency, local_branch_name, local_bank_recipient_name, seniority_id, line_manager_id, username, keyword_vector, place_of_residence, country, city, referred_by, discord_account_id, lat, long, is_keep_fwd_email) VALUES
('f7c6016b-85b5-47f7-8027-23c2db482197', null, '2022-11-17 11:06:03.275039', '2022-11-17 11:06:03.275039', 'Nguyen Van Duc', 'Duc Nguyen', 'Male', 'ducnv@dwarvesv.com', 'nguyenduc123@gmail.com', 'https://s3-ap-southeast-1.amazonaws.com/fortress-images/7227222220023148542.png', '0123456789', 'Hoa Khanh Bac - Da Nang - Viet Nam', 'INFP-A', 'Libra', null, null, null, null, '2000-02-02', 'probation', '2022-05-25', null, null, null, null, null, null, null, null, null, null, null, null, null, 'd796884d-a8c4-4525-81e7-54a3b6099eac', '2655832e-f009-4b73-a535-64c3a22e558f', 'ducnv', '''2'' ''23'' ''236'' ''2368'' ''23688'' ''236885'' ''2368859'' ''23688590'' ''236885900'' ''2368859007'' ''23688590077'' ''236885900779'' ''2368859007794'' ''23688590077945'' ''236885900779454'' ''2368859007794544'' ''23688590077945446'' ''236885900779454465'' ''26'' ''265'' ''2658'' ''26581'' ''265814'' ''2658147'' ''26581472'' ''d'' ''di'' ''dis'' ''disc'' ''disco'' ''discor'' ''discord'' ''discordn'' ''discordna'' ''discordnam'' ''du'' ''duc'' ''ducn'' ''ducnv'' ''ducnv@'' ''ducnv@d'' ''ducnv@dw'' ''ducnv@dwa'' ''ducnv@dwar'' ''ducnv@dwarv'' ''ducnv@dwarve'' ''ducnv@dwarves'' ''ducnv@dwarvesv'' ''ducnv@dwarvesv.'' ''ducnv@dwarvesv.c'' ''ducnv@dwarvesv.co'' ''ducnv@dwarvesv.com'' ''n'' ''ng'' ''ngu'' ''nguy'' ''nguye'' ''nguyen'' ''no'' ''not'' ''noti'' ''notio'' ''notion'' ''notionn'' ''notionna'' ''notionnam'' ''v'' ''va'' ''van''', null, null, null, null, null, null, null, false),
('d42a6fca-d3b8-4a48-80f7-a95772abda56', null, '2022-11-17 11:06:03.279339', '2022-11-17 11:06:03.279339', 'Nguyễn Xuân Trường', 'Truong Nguyen', 'Male', 'truongnx@dwarvesv.com', 'nguyentruong123@gmail.com', 'https://s3-ap-southeast-1.amazonaws.com/fortress-images/8690187460973853786.png', '0123456789', 'Nam Tu Liem', 'ISFJ-T', 'Virgo', null, null, null, null, '1995-04-05', 'full-time', '2022-05-25', null, null, null, null, null, null, null, null, null, null, null, null, null, '11ccffea-2cc9-4e98-9bef-3464dfe4dec8', '2655832e-f009-4b73-a535-64c3a22e558f', 'truongnx', '''2'' ''20'' ''205'' ''2051'' ''20516'' ''205167'' ''2051675'' ''20516751'' ''205167514'' ''2051675147'' ''20516751473'' ''205167514731'' ''2051675147311'' ''20516751473115'' ''205167514731151'' ''2051675147311513'' ''20516751473115136'' ''205167514731151360'' ''26'' ''265'' ''2658'' ''26581'' ''265814'' ''2658147'' ''26581472'' ''d'' ''di'' ''dis'' ''disc'' ''disco'' ''discor'' ''discord'' ''discordn'' ''discordna'' ''discordnam'' ''n'' ''ng'' ''ngu'' ''nguy'' ''nguye'' ''nguyen'' ''no'' ''not'' ''noti'' ''notio'' ''notion'' ''notionn'' ''notionna'' ''notionnam'' ''t'' ''tr'' ''tru'' ''truo'' ''truon'' ''truong'' ''truongn'' ''truongng'' ''truongngu'' ''truongnguy'' ''truongnguye'' ''truongnguyen'' ''truongnx'' ''truongnx@'' ''truongnx@d'' ''truongnx@dw'' ''truongnx@dwa'' ''truongnx@dwar'' ''truongnx@dwarv'' ''truongnx@dwarve'' ''truongnx@dwarves'' ''truongnx@dwarvesv'' ''truongnx@dwarvesv.'' ''truongnx@dwarvesv.c'' ''truongnx@dwarvesv.co'' ''truongnx@dwarvesv.com'' ''x'' ''xu'' ''xua'' ''xuan''', null, null, null, null, null, null, null, false),
('dcfee24b-306d-4609-9c24-a4021639a11b', null, '2022-11-17 11:06:03.264371', '2022-11-17 11:06:03.264371', 'Lê Việt Quỳnh', 'Quynh Le', 'Female', 'quynhlv@dwarvesv.com', 'lequynh123@gmail.com', 'https://s3-ap-southeast-1.amazonaws.com/fortress-images/4916620003720295041.png', '0123456789', 'Binh Tan District', 'INTJ-S', 'Virgo', null, null, null, null, '1998-12-10', 'full-time', '2021-05-17', null, null, null, null, null, null, null, null, null, null, null, null, null, '01fb6322-d727-47e3-a242-5039ea4732fc', '2655832e-f009-4b73-a535-64c3a22e558f', 'quynhlv', '''2'' ''29'' ''290'' ''2908'' ''29088'' ''290889'' ''2908891'' ''29088916'' ''4'' ''43'' ''435'' ''4358'' ''43584'' ''435844'' ''4358441'' ''43584413'' ''435844136'' ''4358441360'' ''43584413602'' ''435844136025'' ''4358441360258'' ''43584413602584'' ''435844136025849'' ''4358441360258498'' ''43584413602584987'' ''435844136025849876'' ''d'' ''di'' ''dis'' ''disc'' ''disco'' ''discor'' ''discord'' ''discordn'' ''discordna'' ''discordnam'' ''l'' ''le'' ''n'' ''no'' ''not'' ''noti'' ''notio'' ''notion'' ''notionn'' ''notionna'' ''notionnam'' ''q'' ''qu'' ''quy'' ''quyn'' ''quynh'' ''quynhl'' ''quynhlv'' ''quynhlv@'' ''quynhlv@d'' ''quynhlv@dw'' ''quynhlv@dwa'' ''quynhlv@dwar'' ''quynhlv@dwarv'' ''quynhlv@dwarve'' ''quynhlv@dwarves'' ''quynhlv@dwarvesv'' ''quynhlv@dwarvesv.'' ''quynhlv@dwarvesv.c'' ''quynhlv@dwarvesv.co'' ''quynhlv@dwarvesv.com'' ''v'' ''vi'' ''vie'' ''viet''', null, null, null, null, null, null, null, false),
('38a00d4a-bc45-41de-965a-adc674ab82c9', null, '2022-11-17 11:15:40.397372', '2022-11-17 11:15:40.397372', 'Nguyễn Hữu Nguyên', 'Nguyen Nguyen', 'Male', 'nguyennh@dwarvesv.com', 'nguyennh123@gmail.com', 'https://s3-ap-southeast-1.amazonaws.com/fortress-images/2137109913829673789.png', '0123456789', 'Q. Thu Duc , TP.HCM', 'ISTJ-A', 'Libra', null, null, null, null, '1995-04-05', 'probation', '2022-05-25', null, null, null, null, null, null, null, null, null, null, null, null, null, '11ccffea-2cc9-4e98-9bef-3464dfe4dec8', '2655832e-f009-4b73-a535-64c3a22e558f', 'nguyennh', '''2'' ''20'' ''205'' ''2051'' ''20516'' ''205167'' ''2051675'' ''20516751'' ''205167514'' ''2051675147'' ''20516751473'' ''205167514731'' ''2051675147311'' ''20516751473115'' ''205167514731151'' ''2051675147311513'' ''20516751473115136'' ''205167514731151360'' ''26'' ''265'' ''2658'' ''26581'' ''265814'' ''2658147'' ''26581472'' ''d'' ''di'' ''dis'' ''disc'' ''disco'' ''discor'' ''discord'' ''discordn'' ''discordna'' ''discordnam'' ''h'' ''hu'' ''huu'' ''n'' ''ng'' ''ngu'' ''nguy'' ''nguye'' ''nguyen'' ''nguyenn'' ''nguyennh'' ''nguyennh@'' ''nguyennh@d'' ''nguyennh@dw'' ''nguyennh@dwa'' ''nguyennh@dwar'' ''nguyennh@dwarv'' ''nguyennh@dwarve'' ''nguyennh@dwarves'' ''nguyennh@dwarvesv'' ''nguyennh@dwarvesv.'' ''nguyennh@dwarvesv.c'' ''nguyennh@dwarvesv.co'' ''nguyennh@dwarvesv.com'' ''no'' ''not'' ''noti'' ''notio'' ''notion'' ''notionn'' ''notionna'' ''notionnam''', null, null, null, null, null, null, null, false),
('ecea9d15-05ba-4a4e-9787-54210e3b98ce', null, '2022-11-02 09:50:55.320669', '2022-11-02 09:50:55.320669', 'Nguyễn Hoàng Huy', 'Huy Nguyen', 'Male', 'huynh@d.foundation', 'hoanghuy123@gmail.com', 'https://s3-ap-southeast-1.amazonaws.com/fortress-images/2830497479497502617.png', '0123456789', 'Thu Duc City, Ho Chi Minh City', 'ENFJ-A', 'Aquaman', null, null, null, null, '1990-01-02', 'probation', '2018-09-01', null, null, null, null, null, null, null, null, null, null, null, null, null, '01fb6322-d727-47e3-a242-5039ea4732fd', '2655832e-f009-4b73-a535-64c3a22e558f', 'huynh', '''3'' ''39'' ''395'' ''3952'' ''39523'' ''395230'' ''3952306'' ''39523061'' ''6'' ''64'' ''646'' ''6466'' ''64664'' ''646649'' ''6466490'' ''64664904'' ''646649040'' ''6466490407'' ''64664904077'' ''646649040771'' ''6466490407712'' ''64664904077121'' ''646649040771219'' ''6466490407712194'' ''64664904077121947'' ''646649040771219476'' ''d'' ''di'' ''dis'' ''disc'' ''disco'' ''discor'' ''discord'' ''discordn'' ''discordna'' ''discordnam'' ''h'' ''ho'' ''hoa'' ''hoan'' ''hoang'' ''hu'' ''huy'' ''huyn'' ''huyng'' ''huyngu'' ''huynguy'' ''huynguye'' ''huynguyen'' ''huynh'' ''huynh@'' ''huynh@d'' ''huynh@d.'' ''huynh@d.f'' ''huynh@d.fo'' ''huynh@d.fou'' ''huynh@d.foun'' ''huynh@d.found'' ''huynh@d.founda'' ''huynh@d.foundat'' ''huynh@d.foundati'' ''huynh@d.foundatio'' ''huynh@d.foundation'' ''n'' ''ng'' ''ngu'' ''nguy'' ''nguye'' ''nguyen'' ''no'' ''not'' ''noti'' ''notio'' ''notion'' ''notionn'' ''notionna'' ''notionnam''', null, null, null, null, null, null, null, false),
('2655832e-f009-4b73-a535-64c3a22e558f', null, '2022-11-02 09:52:34.586566', '2022-11-02 09:52:34.586566', 'Phạm Đức Thành', 'Thanh Pham', 'Male', 'thanh@d.foundation', 'thanhpham123@gmail.com', 'https://s3-ap-southeast-1.amazonaws.com/fortress-images/5153574695663955944.png', '0123456788', 'Tan Binh District, Ho Chi Minh, Vietnam', 'ISFJ-A', 'Aquaman', null, null, null, null, '1990-01-02', 'contractor', '2018-09-01', null, null, null, null, null, null, null, null, null, null, null, null, null, '01fb6322-d727-47e3-a242-5039ea4732fd', null, 'thanh', '''3'' ''39'' ''395'' ''3952'' ''39523'' ''395230'' ''3952306'' ''39523061'' ''6'' ''64'' ''646'' ''6466'' ''64664'' ''646649'' ''6466490'' ''64664904'' ''646649040'' ''6466490407'' ''64664904077'' ''646649040771'' ''6466490407712'' ''64664904077121'' ''646649040771219'' ''6466490407712194'' ''64664904077121947'' ''646649040771219476'' ''d'' ''di'' ''dis'' ''disc'' ''disco'' ''discor'' ''discord'' ''discordn'' ''discordna'' ''discordnam'' ''du'' ''duc'' ''n'' ''no'' ''not'' ''noti'' ''notio'' ''notion'' ''notionn'' ''notionna'' ''notionnam'' ''p'' ''ph'' ''pha'' ''pham'' ''t'' ''th'' ''tha'' ''than'' ''thanh'' ''thanh@'' ''thanh@d'' ''thanh@d.'' ''thanh@d.f'' ''thanh@d.fo'' ''thanh@d.fou'' ''thanh@d.foun'' ''thanh@d.found'' ''thanh@d.founda'' ''thanh@d.foundat'' ''thanh@d.foundati'' ''thanh@d.foundatio'' ''thanh@d.foundation'' ''thanhp'' ''thanhph'' ''thanhpha'' ''thanhpham''', null, null, null, null, null, null, null, false),
('608ea227-45a5-4c8a-af43-6c7280d96340', null, '2022-11-02 09:50:55.320669', '2022-11-02 09:50:55.320669', 'Tiêu Quang Huy', 'Huy Tieu', 'Male', 'huytq@d.foundation', 'huytq123@gmail.com', 'https://s3-ap-southeast-1.amazonaws.com/fortress-images/3c420751-bb9a-4878-896e-2f10f3a633d6_avatar2535921977139052349.png', '0123456789', 'Binh Thanh, Ho Chi Minh City', 'INFP-A', 'Libra', null, null, null, null, '1990-01-02', 'contractor', '2018-09-01', null, null, null, null, null, null, null, null, null, null, null, null, null, '01fb6322-d727-47e3-a242-5039ea4732fd', '2655832e-f009-4b73-a535-64c3a22e558f', 'huytq', '''3'' ''39'' ''395'' ''3952'' ''39523'' ''395230'' ''3952306'' ''39523061'' ''4'' ''43'' ''435'' ''4358'' ''43584'' ''435844'' ''4358441'' ''43584413'' ''435844136'' ''4358441360'' ''43584413602'' ''435844136025'' ''4358441360258'' ''43584413602584'' ''435844136025849'' ''4358441360258498'' ''43584413602584987'' ''435844136025849876'' ''d'' ''di'' ''dis'' ''disc'' ''disco'' ''discor'' ''discord'' ''discordn'' ''discordna'' ''discordnam'' ''h'' ''hu'' ''huy'' ''huyt'' ''huytq'' ''huytq@'' ''huytq@d'' ''huytq@d.'' ''huytq@d.f'' ''huytq@d.fo'' ''huytq@d.fou'' ''huytq@d.foun'' ''huytq@d.found'' ''huytq@d.founda'' ''huytq@d.foundat'' ''huytq@d.foundati'' ''huytq@d.foundatio'' ''huytq@d.foundation'' ''n'' ''no'' ''not'' ''noti'' ''notio'' ''notion'' ''notionn'' ''notionna'' ''notionnam'' ''q'' ''qu'' ''qua'' ''quan'' ''quang'' ''t'' ''ti'' ''tie'' ''tieu''', null, null, null, null, null, null, null, false),
('3f705527-0455-4e67-a585-6c1f23726fff', null, '2022-11-17 11:06:03.245183', '2022-11-17 11:06:03.245183', 'Giang Ngọc Huy', 'Huy Giang', 'Male', 'huy@dwarvesv.com', 'gnhuy123@gmail.com', 'https://s3-ap-southeast-1.amazonaws.com/fortress-images/261887286241984054.png', '0123456789', 'Binh Tan District, Ho Chi Minh, Vietnam', 'ISFJ-A', 'Libra', null, null, null, null, '1991-11-11', 'full-time', '2018-09-01', null, null, null, null, null, null, null, null, null, null, null, null, null, '01fb6322-d727-47e3-a242-5039ea4732fd', '2655832e-f009-4b73-a535-64c3a22e558f', 'huy', '''2'' ''29'' ''290'' ''2908'' ''29088'' ''290889'' ''2908891'' ''29088916'' ''4'' ''43'' ''435'' ''4358'' ''43584'' ''435844'' ''4358441'' ''43584413'' ''435844136'' ''4358441360'' ''43584413602'' ''435844136025'' ''4358441360258'' ''43584413602584'' ''435844136025849'' ''4358441360258498'' ''43584413602584987'' ''435844136025849876'' ''d'' ''di'' ''dis'' ''disc'' ''disco'' ''discor'' ''discord'' ''discordn'' ''discordna'' ''discordnam'' ''g'' ''gi'' ''gia'' ''gian'' ''giang'' ''h'' ''hu'' ''huy'' ''huy@'' ''huy@d'' ''huy@dw'' ''huy@dwa'' ''huy@dwar'' ''huy@dwarv'' ''huy@dwarve'' ''huy@dwarves'' ''huy@dwarvesv'' ''huy@dwarvesv.'' ''huy@dwarvesv.c'' ''huy@dwarvesv.co'' ''huy@dwarvesv.com'' ''huyg'' ''huygn'' ''n'' ''ng'' ''ngo'' ''ngoc'' ''no'' ''not'' ''noti'' ''notio'' ''notion'' ''notionn'' ''notionna'' ''notionnam''', null, null, null, null, null, null, null, false),
('37e00d47-de69-4ac8-991b-cf3e39565c00', null, '2022-11-17 11:06:03.262847', '2022-11-17 11:06:03.262847', 'Phùng Thị Thương Thương', 'Thuong Phung', 'Female', 'thuongptt@dwarvesv.com', 'thuongphung123@gmail.com', 'https://s3-ap-southeast-1.amazonaws.com/fortress-images/7186955696154477566.png', '0123456789', 'District 10, Ho Chi Minh, Vietnam', 'INFP-A', 'Scorpio', null, null, null, null, '1991-11-11', 'full-time', '2021-05-17', null, null, null, null, null, null, null, null, null, null, null, null, null, '01fb6322-d727-47e3-a242-5039ea4732fc', '2655832e-f009-4b73-a535-64c3a22e558f', 'thuongptt', '''2'' ''29'' ''290'' ''2908'' ''29088'' ''290889'' ''2908891'' ''29088916'' ''4'' ''43'' ''435'' ''4358'' ''43584'' ''435844'' ''4358441'' ''43584413'' ''435844136'' ''4358441360'' ''43584413602'' ''435844136025'' ''4358441360258'' ''43584413602584'' ''435844136025849'' ''4358441360258498'' ''43584413602584987'' ''435844136025849876'' ''d'' ''di'' ''dis'' ''disc'' ''disco'' ''discor'' ''discord'' ''discordn'' ''discordna'' ''discordnam'' ''n'' ''no'' ''not'' ''noti'' ''notio'' ''notion'' ''notionn'' ''notionna'' ''notionnam'' ''p'' ''ph'' ''phu'' ''phun'' ''phung'' ''t'' ''th'' ''thi'' ''thu'' ''thuo'' ''thuon'' ''thuong'' ''thuongp'' ''thuongph'' ''thuongphu'' ''thuongphuo'' ''thuongphuon'' ''thuongphuong'' ''thuongpt'' ''thuongptt'' ''thuongptt@'' ''thuongptt@d'' ''thuongptt@dw'' ''thuongptt@dwa'' ''thuongptt@dwar'' ''thuongptt@dwarv'' ''thuongptt@dwarve'' ''thuongptt@dwarves'' ''thuongptt@dwarvesv'' ''thuongptt@dwarvesv.'' ''thuongptt@dwarvesv.c'' ''thuongptt@dwarvesv.co'' ''thuongptt@dwarvesv.com''', null, null, null, null, null, null, null, false),
('fae443f8-e8ff-4eec-b86c-98216d7662d8', null, '2022-11-17 11:06:03.270325', '2022-11-17 11:06:03.270325', 'Ho Quang Toan', 'Toan Ho', 'Male', 'toanhq@dwarvesv.com', 'toanbku123@gmail.com', 'https://s3-ap-southeast-1.amazonaws.com/fortress-images/6674226719566030792.png', '0123456789', 'Tam Phu ward, Thu Duc district', 'ISFJ-A', 'Libra', null, null, null, null, '1998-12-10', 'left', '2022-05-25', '2022-04-12', null, null, null, null, null, null, null, null, null, null, null, null, 'dac16ce6-9e5a-4ff3-9ea2-fdea4853925e', '2655832e-f009-4b73-a535-64c3a22e558f', 'toanhq', '''2'' ''23'' ''236'' ''2368'' ''23688'' ''236885'' ''2368859'' ''23688590'' ''236885900'' ''2368859007'' ''23688590077'' ''236885900779'' ''2368859007794'' ''23688590077945'' ''236885900779454'' ''2368859007794544'' ''23688590077945446'' ''236885900779454465'' ''26'' ''265'' ''2658'' ''26581'' ''265814'' ''2658147'' ''26581472'' ''d'' ''di'' ''dis'' ''disc'' ''disco'' ''discor'' ''discord'' ''discordn'' ''discordna'' ''discordnam'' ''h'' ''ho'' ''n'' ''no'' ''not'' ''noti'' ''notio'' ''notion'' ''notionn'' ''notionna'' ''notionnam'' ''q'' ''qu'' ''qua'' ''quan'' ''quang'' ''t'' ''to'' ''toa'' ''toan'' ''toanh'' ''toanhq'' ''toanhq@'' ''toanhq@d'' ''toanhq@dw'' ''toanhq@dwa'' ''toanhq@dwar'' ''toanhq@dwarv'' ''toanhq@dwarve'' ''toanhq@dwarves'' ''toanhq@dwarvesv'' ''toanhq@dwarvesv.'' ''toanhq@dwarvesv.c'' ''toanhq@dwarvesv.co'' ''toanhq@dwarvesv.com''', null, null, null, null, null, null, null, false),
('ac318f73-0c8e-43ed-b00e-d230670dc400', null, '2022-11-17 11:06:03.271908', '2022-11-17 11:06:03.271908', 'Trần Diễm Quỳnh', 'Quynh Tran', 'Female', 'quynhtd@dwarvesv.com', 'quynhtd123@gmail.com', 'https://s3-ap-southeast-1.amazonaws.com/fortress-images/8900807301346129018.png', '0123456789', 'Tay Ho', 'ISTJ-A', 'Aries', null, null, null, null, '2000-02-02', 'left', '2022-05-25', '2022-04-12', null, null, null, null, null, null, null, null, null, null, null, null, 'dac16ce6-9e5a-4ff3-9ea2-fdea4853925e', '2655832e-f009-4b73-a535-64c3a22e558f', 'quynhtd', '''2'' ''23'' ''236'' ''2368'' ''23688'' ''236885'' ''2368859'' ''23688590'' ''236885900'' ''2368859007'' ''23688590077'' ''236885900779'' ''2368859007794'' ''23688590077945'' ''236885900779454'' ''2368859007794544'' ''23688590077945446'' ''236885900779454465'' ''26'' ''265'' ''2658'' ''26581'' ''265814'' ''2658147'' ''26581472'' ''d'' ''di'' ''die'' ''diem'' ''dis'' ''disc'' ''disco'' ''discor'' ''discord'' ''discordn'' ''discordna'' ''discordnam'' ''n'' ''no'' ''not'' ''noti'' ''notio'' ''notion'' ''notionn'' ''notionna'' ''notionnam'' ''q'' ''qu'' ''quy'' ''quyn'' ''quynh'' ''quynht'' ''quynhtd'' ''quynhtd@'' ''quynhtd@d'' ''quynhtd@dw'' ''quynhtd@dwa'' ''quynhtd@dwar'' ''quynhtd@dwarv'' ''quynhtd@dwarve'' ''quynhtd@dwarves'' ''quynhtd@dwarvesv'' ''quynhtd@dwarvesv.'' ''quynhtd@dwarvesv.c'' ''quynhtd@dwarvesv.co'' ''quynhtd@dwarvesv.com'' ''t'' ''tr'' ''tra'' ''tran''', null, null, null, null, null, null, null, false),
('d389d35e-c548-42cf-9f29-2a599969a8f2', null, '2022-11-17 11:06:03.267167', '2022-11-17 11:06:03.267167', 'Nguyễn Trần Minh Thảo', 'Thao Nguyen', 'Female', 'thaontm@dwarvesv.com', 'thaonguyen123@gmail.com', 'https://s3-ap-southeast-1.amazonaws.com/fortress-images/5348640939694049226.png', '0123456789', 'Bình Tân District', 'INFP-A', 'Virgo', null, null, null, null, '1998-12-10', 'full-time', '2021-05-17', null, null, null, null, null, null, null, null, null, null, null, null, null, 'dac16ce6-9e5a-4ff3-9ea2-fdea4853925e', '2655832e-f009-4b73-a535-64c3a22e558f', 'thaontm', '''2'' ''29'' ''290'' ''2908'' ''29088'' ''290889'' ''2908891'' ''29088916'' ''4'' ''43'' ''435'' ''4358'' ''43584'' ''435844'' ''4358441'' ''43584413'' ''435844136'' ''4358441360'' ''43584413602'' ''435844136025'' ''4358441360258'' ''43584413602584'' ''435844136025849'' ''4358441360258498'' ''43584413602584987'' ''435844136025849876'' ''d'' ''di'' ''dis'' ''disc'' ''disco'' ''discor'' ''discord'' ''discordn'' ''discordna'' ''discordnam'' ''m'' ''mi'' ''min'' ''minh'' ''n'' ''ng'' ''ngu'' ''nguy'' ''nguye'' ''nguyen'' ''no'' ''not'' ''noti'' ''notio'' ''notion'' ''notionn'' ''notionna'' ''notionnam'' ''t'' ''th'' ''tha'' ''thao'' ''thaon'' ''thaong'' ''thaongu'' ''thaonguy'' ''thaonguye'' ''thaonguyen'' ''thaont'' ''thaontm'' ''thaontm@'' ''thaontm@d'' ''thaontm@dw'' ''thaontm@dwa'' ''thaontm@dwar'' ''thaontm@dwarv'' ''thaontm@dwarve'' ''thaontm@dwarves'' ''thaontm@dwarvesv'' ''thaontm@dwarvesv.'' ''thaontm@dwarvesv.c'' ''thaontm@dwarvesv.co'' ''thaontm@dwarvesv.com'' ''tr'' ''tra'' ''tran''', null, null, null, null, null, null, null, false),
('a1f25e3e-cf40-4d97-a4d5-c27ee566b8c5', null, '2022-11-17 11:06:03.265726', '2022-11-17 11:06:03.265726', 'Phan Duy Cường', 'Cuong Phan', 'Male', 'cody@dwarvesv.com', 'cuongphan123@gmail.com', 'https://s3-ap-southeast-1.amazonaws.com/fortress-images/8465254073957996724.png', '0123456789', 'Tan Binh Ward', 'ISFJ-A', 'Virgo', null, null, null, null, '1998-12-10', 'full-time', '2021-05-17', null, null, null, null, null, null, null, null, null, null, null, null, null, 'dac16ce6-9e5a-4ff3-9ea2-fdea4853925e', '2655832e-f009-4b73-a535-64c3a22e558f', 'cody', '''2'' ''29'' ''290'' ''2908'' ''29088'' ''290889'' ''2908891'' ''29088916'' ''4'' ''43'' ''435'' ''4358'' ''43584'' ''435844'' ''4358441'' ''43584413'' ''435844136'' ''4358441360'' ''43584413602'' ''435844136025'' ''4358441360258'' ''43584413602584'' ''435844136025849'' ''4358441360258498'' ''43584413602584987'' ''435844136025849876'' ''c'' ''co'' ''cod'' ''cody'' ''cody@'' ''cody@d'' ''cody@dw'' ''cody@dwa'' ''cody@dwar'' ''cody@dwarv'' ''cody@dwarve'' ''cody@dwarves'' ''cody@dwarvesv'' ''cody@dwarvesv.'' ''cody@dwarvesv.c'' ''cody@dwarvesv.co'' ''cody@dwarvesv.com'' ''cu'' ''cuo'' ''cuon'' ''cuong'' ''cuongp'' ''cuongph'' ''cuongpha'' ''cuongphan'' ''d'' ''di'' ''dis'' ''disc'' ''disco'' ''discor'' ''discord'' ''discordn'' ''discordna'' ''discordnam'' ''du'' ''duy'' ''n'' ''no'' ''not'' ''noti'' ''notio'' ''notion'' ''notionn'' ''notionna'' ''notionnam'' ''p'' ''ph'' ''pha'' ''phan''', null, null, null, null, null, null, null, false),
('498d5805-dd64-4643-902d-95067d6e5ab5', null, '2022-11-17 11:06:03.268733', '2022-11-17 11:06:03.268733', 'Võ Hải Biên', 'Bien Vo', 'Male', 'bean@dwarvesv.com', 'vhbien123@gmail.com', 'https://s3-ap-southeast-1.amazonaws.com/fortress-images/4114345912835654270.png', '0123456789', 'Quận Thủ Đức - TPHCM', 'ISFJ-T', 'Libra', null, null, null, null, '1998-12-10', 'full-time', '2021-05-17', null, null, null, null, null, null, null, null, null, null, null, null, null, 'dac16ce6-9e5a-4ff3-9ea2-fdea4853925e', '2655832e-f009-4b73-a535-64c3a22e558f', 'bean', '''2'' ''23'' ''236'' ''2368'' ''23688'' ''236885'' ''2368859'' ''23688590'' ''236885900'' ''2368859007'' ''23688590077'' ''236885900779'' ''2368859007794'' ''23688590077945'' ''236885900779454'' ''2368859007794544'' ''23688590077945446'' ''236885900779454465'' ''29'' ''290'' ''2908'' ''29088'' ''290889'' ''2908891'' ''29088916'' ''b'' ''be'' ''bea'' ''bean'' ''bean@'' ''bean@d'' ''bean@dw'' ''bean@dwa'' ''bean@dwar'' ''bean@dwarv'' ''bean@dwarve'' ''bean@dwarves'' ''bean@dwarvesv'' ''bean@dwarvesv.'' ''bean@dwarvesv.c'' ''bean@dwarvesv.co'' ''bean@dwarvesv.com'' ''bi'' ''bie'' ''bien'' ''d'' ''di'' ''dis'' ''disc'' ''disco'' ''discor'' ''discord'' ''discordn'' ''discordna'' ''discordnam'' ''h'' ''ha'' ''hai'' ''n'' ''no'' ''not'' ''noti'' ''notio'' ''notion'' ''notionn'' ''notionna'' ''notionnam'' ''v'' ''vh'' ''vhb'' ''vhbi'' ''vhbie'' ''vhbien'' ''vo''', null, null, null, null, null, null, null, false),
('f6ce0d0f-5794-463b-ad0b-8240ab9c49be', null, '2022-11-17 11:06:03.276614', '2022-11-17 11:06:03.276614', 'Nguyễn Hoàng Anh', 'Anh Nguyen', 'Male', 'anhnh@dwarvesv.com', 'nguyenanh123@gmail.com', 'https://s3-ap-southeast-1.amazonaws.com/fortress-images/3274097965772922906.png', '0123456789', 'Q.Tân Bình, TP.HCM', 'INFP-A', 'Aries', null, null, null, null, '2000-02-02', 'full-time', '2022-05-25', null, null, null, null, null, null, null, null, null, null, null, null, null, 'd796884d-a8c4-4525-81e7-54a3b6099eac', '2655832e-f009-4b73-a535-64c3a22e558f', 'anhnh', '''2'' ''23'' ''236'' ''2368'' ''23688'' ''236885'' ''2368859'' ''23688590'' ''236885900'' ''2368859007'' ''23688590077'' ''236885900779'' ''2368859007794'' ''23688590077945'' ''236885900779454'' ''2368859007794544'' ''23688590077945446'' ''236885900779454465'' ''26'' ''265'' ''2658'' ''26581'' ''265814'' ''2658147'' ''26581472'' ''a'' ''an'' ''anh'' ''anhn'' ''anhnh'' ''anhnh@'' ''anhnh@d'' ''anhnh@dw'' ''anhnh@dwa'' ''anhnh@dwar'' ''anhnh@dwarv'' ''anhnh@dwarve'' ''anhnh@dwarves'' ''anhnh@dwarvesv'' ''anhnh@dwarvesv.'' ''anhnh@dwarvesv.c'' ''anhnh@dwarvesv.co'' ''anhnh@dwarvesv.com'' ''d'' ''di'' ''dis'' ''disc'' ''disco'' ''discor'' ''discord'' ''discordn'' ''discordna'' ''discordnam'' ''h'' ''ho'' ''hoa'' ''hoan'' ''hoang'' ''n'' ''ng'' ''ngu'' ''nguy'' ''nguye'' ''nguyen'' ''no'' ''not'' ''noti'' ''notio'' ''notion'' ''notionn'' ''notionna'' ''notionnam''', null, null, null, null, null, null, null, false),
('061820c0-bf6c-4b4a-9753-875f75d71a2c', null, '2022-11-17 11:06:03.278004', '2022-11-17 11:06:03.278004', 'Vong Tieu Hung', 'Hung Vong', 'Male', 'hungvt@dwarvesv.com', 'tieuhung123@gmail.com', 'https://s3-ap-southeast-1.amazonaws.com/fortress-images/5762098830282049280.png', '0123456789', 'Thu Duc', 'INFP-A', 'Aries', null, null, null, null, '1995-04-05', 'probation', '2022-05-25', null, null, null, null, null, null, null, null, null, null, null, null, null, 'd796884d-a8c4-4525-81e7-54a3b6099eac', '2655832e-f009-4b73-a535-64c3a22e558f', 'hungvt', '''2'' ''20'' ''205'' ''2051'' ''20516'' ''205167'' ''2051675'' ''20516751'' ''205167514'' ''2051675147'' ''20516751473'' ''205167514731'' ''2051675147311'' ''20516751473115'' ''205167514731151'' ''2051675147311513'' ''20516751473115136'' ''205167514731151360'' ''26'' ''265'' ''2658'' ''26581'' ''265814'' ''2658147'' ''26581472'' ''d'' ''di'' ''dis'' ''disc'' ''disco'' ''discor'' ''discord'' ''discordn'' ''discordna'' ''discordnam'' ''h'' ''hu'' ''hun'' ''hung'' ''hungv'' ''hungvo'' ''hungvon'' ''hungvong'' ''hungvt'' ''hungvt@'' ''hungvt@d'' ''hungvt@dw'' ''hungvt@dwa'' ''hungvt@dwar'' ''hungvt@dwarv'' ''hungvt@dwarve'' ''hungvt@dwarves'' ''hungvt@dwarvesv'' ''hungvt@dwarvesv.'' ''hungvt@dwarvesv.c'' ''hungvt@dwarvesv.co'' ''hungvt@dwarvesv.com'' ''n'' ''no'' ''not'' ''noti'' ''notio'' ''notion'' ''notionn'' ''notionna'' ''notionnam'' ''t'' ''ti'' ''tie'' ''tieu'' ''v'' ''vo'' ''von'' ''vong''', null, null, null, null, null, null, null, false),
('d675dfc5-acbe-4566-acde-f7cb132c0206', null, '2022-11-17 11:06:03.281048', '2022-11-17 11:06:03.281048', 'Le Nguyen An Khang', 'Khang Le', 'Male', 'khanglna@dwarvesv.com', 'khangle123@gmail.com', 'https://s3-ap-southeast-1.amazonaws.com/fortress-images/4368900905892223171.png', '0123456789', 'Binh Thanh District', 'ENFJ-A', 'Libra', null, null, null, null, '1995-04-05', 'probation', '2022-05-25', null, null, null, null, null, null, null, null, null, null, null, null, null, '11ccffea-2cc9-4e98-9bef-3464dfe4dec8', '2655832e-f009-4b73-a535-64c3a22e558f', 'khanglna', '''2'' ''20'' ''205'' ''2051'' ''20516'' ''205167'' ''2051675'' ''20516751'' ''205167514'' ''2051675147'' ''20516751473'' ''205167514731'' ''2051675147311'' ''20516751473115'' ''205167514731151'' ''2051675147311513'' ''20516751473115136'' ''205167514731151360'' ''26'' ''265'' ''2658'' ''26581'' ''265814'' ''2658147'' ''26581472'' ''d'' ''di'' ''dis'' ''disc'' ''disco'' ''discor'' ''discord'' ''discordn'' ''discordna'' ''discordnam'' ''k'' ''kh'' ''kha'' ''khan'' ''khang'' ''khangl'' ''khangln'' ''khanglna'' ''khanglna@'' ''khanglna@d'' ''khanglna@dw'' ''khanglna@dwa'' ''khanglna@dwar'' ''khanglna@dwarv'' ''khanglna@dwarve'' ''khanglna@dwarves'' ''khanglna@dwarvesv'' ''khanglna@dwarvesv.'' ''khanglna@dwarvesv.c'' ''khanglna@dwarvesv.co'' ''khanglna@dwarvesv.com'' ''l'' ''le'' ''n'' ''ng'' ''ngu'' ''nguy'' ''nguye'' ''nguyen'' ''no'' ''not'' ''noti'' ''notio'' ''notion'' ''notionn'' ''notionna'' ''notionnam''', null, null, null, null, null, null, null, false),
('8d7c99c0-3253-4286-93a9-e7554cb327ef', null, '2022-11-02 09:50:55.320669', '2022-11-02 09:50:55.320669', 'Nguyễn Hải Nam', 'Nam Nguyen', 'Male', 'benjamin@d.foundation', 'nam123@gmail.com', 'https://s3-ap-southeast-1.amazonaws.com/fortress-images/8399103964540935617.png', '0123456789', 'District 7, Ho Chi Minh City', 'ENFJ-A', 'Libra', null, null, null, null, '1990-01-02', 'probation', '2018-09-01', null, null, null, null, null, null, null, null, null, null, null, null, null, '01fb6322-d727-47e3-a242-5039ea4732fd', '2655832e-f009-4b73-a535-64c3a22e558f', 'benjamin', '''3'' ''39'' ''395'' ''3952'' ''39523'' ''395230'' ''3952306'' ''39523061'' ''6'' ''64'' ''646'' ''6466'' ''64664'' ''646649'' ''6466490'' ''64664904'' ''646649040'' ''6466490407'' ''64664904077'' ''646649040771'' ''6466490407712'' ''64664904077121'' ''646649040771219'' ''6466490407712194'' ''64664904077121947'' ''646649040771219476'' ''b'' ''be'' ''ben'' ''benj'' ''benja'' ''benjam'' ''benjami'' ''benjamin'' ''benjamin@'' ''benjamin@d'' ''benjamin@d.'' ''benjamin@d.f'' ''benjamin@d.fo'' ''benjamin@d.fou'' ''benjamin@d.foun'' ''benjamin@d.found'' ''benjamin@d.founda'' ''benjamin@d.foundat'' ''benjamin@d.foundati'' ''benjamin@d.foundatio'' ''benjamin@d.foundation'' ''d'' ''di'' ''dis'' ''disc'' ''disco'' ''discor'' ''discord'' ''discordn'' ''discordna'' ''discordnam'' ''h'' ''ha'' ''hai'' ''n'' ''na'' ''nam'' ''namn'' ''namnh'' ''ng'' ''ngu'' ''nguy'' ''nguye'' ''nguyen'' ''no'' ''not'' ''noti'' ''notio'' ''notion'' ''notionn'' ''notionna'' ''notionnam''', null, null, null, null, null, null, null, false),
('eeae589a-94e3-49ac-a94c-fcfb084152b2', null, '2022-11-02 09:50:55.320669', '2022-11-02 09:50:55.320669', 'Nguyễn Ngô Lập', 'Lap Nguyen', 'Male', 'alan@d.foundation', 'lap123@gmail.com', 'https://s3-ap-southeast-1.amazonaws.com/fortress-images/2870969541970972723.png', '0123456789', 'Binh chanh, Ho Chi Minh City', 'ENFJ-A', 'Libra', null, null, null, null, '1990-01-02', 'probation', '2018-09-01', null, null, null, null, null, null, null, null, null, null, null, null, null, '01fb6322-d727-47e3-a242-5039ea4732fd', '2655832e-f009-4b73-a535-64c3a22e558f', 'alan', '''3'' ''39'' ''395'' ''3952'' ''39523'' ''395230'' ''3952306'' ''39523061'' ''6'' ''64'' ''646'' ''6466'' ''64664'' ''646649'' ''6466490'' ''64664904'' ''646649040'' ''6466490407'' ''64664904077'' ''646649040771'' ''6466490407712'' ''64664904077121'' ''646649040771219'' ''6466490407712194'' ''64664904077121947'' ''646649040771219476'' ''a'' ''al'' ''ala'' ''alan'' ''alan@'' ''alan@d'' ''alan@d.'' ''alan@d.f'' ''alan@d.fo'' ''alan@d.fou'' ''alan@d.foun'' ''alan@d.found'' ''alan@d.founda'' ''alan@d.foundat'' ''alan@d.foundati'' ''alan@d.foundatio'' ''alan@d.foundation'' ''d'' ''di'' ''dis'' ''disc'' ''disco'' ''discor'' ''discord'' ''discordn'' ''discordna'' ''discordnam'' ''l'' ''la'' ''lap'' ''lapn'' ''lapnn'' ''n'' ''ng'' ''ngo'' ''ngu'' ''nguy'' ''nguye'' ''nguyen'' ''no'' ''not'' ''noti'' ''notio'' ''notion'' ''notionn'' ''notionna'' ''notionnam''', null, null, null, null, null, null, null, false),
('d1b1dcbe-f4ed-49cc-a16b-56c9a3145c14', null, '2022-11-17 11:06:03.255694', '2022-11-17 11:06:03.255694', 'Nghiêm Minh Đức', 'Duc Nghiem', 'Male', 'duc@dwarvesv.com', 'ducnghiem123@gmail.com', 'https://s3-ap-southeast-1.amazonaws.com/fortress-images/3851063061598282120.png', '0123456789', 'Tan Binh District, Ho Chi Minh, Vietnam', 'INTJ-S', 'Scorpio', null, null, null, null, '1991-11-11', 'probation', '2021-05-17', null, null, null, null, null, null, null, null, null, null, null, null, null, '01fb6322-d727-47e3-a242-5039ea4732fc', '2655832e-f009-4b73-a535-64c3a22e558f', 'duc', '''2'' ''29'' ''290'' ''2908'' ''29088'' ''290889'' ''2908891'' ''29088916'' ''4'' ''43'' ''435'' ''4358'' ''43584'' ''435844'' ''4358441'' ''43584413'' ''435844136'' ''4358441360'' ''43584413602'' ''435844136025'' ''4358441360258'' ''43584413602584'' ''435844136025849'' ''4358441360258498'' ''43584413602584987'' ''435844136025849876'' ''d'' ''di'' ''dis'' ''disc'' ''disco'' ''discor'' ''discord'' ''discordn'' ''discordna'' ''discordnam'' ''du'' ''duc'' ''duc@'' ''duc@d'' ''duc@dw'' ''duc@dwa'' ''duc@dwar'' ''duc@dwarv'' ''duc@dwarve'' ''duc@dwarves'' ''duc@dwarvesv'' ''duc@dwarvesv.'' ''duc@dwarvesv.c'' ''duc@dwarvesv.co'' ''duc@dwarvesv.com'' ''m'' ''mi'' ''min'' ''minh'' ''n'' ''ng'' ''ngh'' ''nghi'' ''nghie'' ''nghiem'' ''no'' ''not'' ''noti'' ''notio'' ''notion'' ''notionn'' ''notionna'' ''notionnam''', null, null, null, null, null, null, null, false),
('7bcf4b45-0279-4da2-84e4-eec5d9d05ba3', null, '2022-11-17 11:06:03.261104', '2022-11-17 11:06:03.261104', 'Nguyễn Lâm Ngọc Duy', 'Duy Nguyen', 'Female', 'mia@dwarvesv.com', 'ngocduy123@gmail.com', 'https://s3-ap-southeast-1.amazonaws.com/fortress-images/7186955696154477566.png', '0123456789', 'Binh An, District 2, Ho Chi Minh, Vietnam', 'INTJ-S', 'Scorpio', null, null, null, null, '1991-11-11', 'full-time', '2021-05-17', null, null, null, null, null, null, null, null, null, null, null, null, null, '01fb6322-d727-47e3-a242-5039ea4732fc', '2655832e-f009-4b73-a535-64c3a22e558f', 'mia', '''2'' ''29'' ''290'' ''2908'' ''29088'' ''290889'' ''2908891'' ''29088916'' ''4'' ''43'' ''435'' ''4358'' ''43584'' ''435844'' ''4358441'' ''43584413'' ''435844136'' ''4358441360'' ''43584413602'' ''435844136025'' ''4358441360258'' ''43584413602584'' ''435844136025849'' ''4358441360258498'' ''43584413602584987'' ''435844136025849876'' ''d'' ''di'' ''dis'' ''disc'' ''disco'' ''discor'' ''discord'' ''discordn'' ''discordna'' ''discordnam'' ''du'' ''duy'' ''l'' ''la'' ''lam'' ''m'' ''mi'' ''mia'' ''mia@'' ''mia@d'' ''mia@dw'' ''mia@dwa'' ''mia@dwar'' ''mia@dwarv'' ''mia@dwarve'' ''mia@dwarves'' ''mia@dwarvesv'' ''mia@dwarvesv.'' ''mia@dwarvesv.c'' ''mia@dwarvesv.co'' ''mia@dwarvesv.com'' ''n'' ''ng'' ''ngo'' ''ngoc'' ''ngu'' ''nguy'' ''nguye'' ''nguyen'' ''no'' ''not'' ''noti'' ''notio'' ''notion'' ''notionn'' ''notionna'' ''notionnam''', null, null, null, null, null, null, null, false),
('7fbfb59b-e00e-46b2-85cd-64f9f9942daa', null, '2022-11-17 11:06:03.273444', '2022-11-17 11:06:03.273444', 'Đoàn Tấn Đạt', 'Dat Doan', 'Male', 'datdt@dwarvesv.com', 'doandat123@gmail.com', 'https://s3-ap-southeast-1.amazonaws.com/fortress-images/1105085008506574007.png', '0123456789', 'Binh Tan District, Ho Chi Minh, Vietnam', 'INFP-A', 'Aries', null, null, null, null, '2000-02-02', 'left', '2022-05-25', '2022-04-12', null, null, null, null, null, null, null, null, null, null, null, null, 'd796884d-a8c4-4525-81e7-54a3b6099eac', '2655832e-f009-4b73-a535-64c3a22e558f', 'datdt', '''2'' ''23'' ''236'' ''2368'' ''23688'' ''236885'' ''2368859'' ''23688590'' ''236885900'' ''2368859007'' ''23688590077'' ''236885900779'' ''2368859007794'' ''23688590077945'' ''236885900779454'' ''2368859007794544'' ''23688590077945446'' ''236885900779454465'' ''26'' ''265'' ''2658'' ''26581'' ''265814'' ''2658147'' ''26581472'' ''d'' ''da'' ''dat'' ''datd'' ''datdt'' ''datdt@'' ''datdt@d'' ''datdt@dw'' ''datdt@dwa'' ''datdt@dwar'' ''datdt@dwarv'' ''datdt@dwarve'' ''datdt@dwarves'' ''datdt@dwarvesv'' ''datdt@dwarvesv.'' ''datdt@dwarvesv.c'' ''datdt@dwarvesv.co'' ''datdt@dwarvesv.com'' ''di'' ''dis'' ''disc'' ''disco'' ''discor'' ''discord'' ''discordn'' ''discordna'' ''discordnam'' ''do'' ''doa'' ''doan'' ''n'' ''no'' ''not'' ''noti'' ''notio'' ''notion'' ''notionn'' ''notionna'' ''notionnam'' ''t'' ''ta'' ''tan''', null, null, null, null, null, null, null, false);

INSERT INTO public.social_accounts (id, deleted_at, created_at, updated_at, employee_id, type, account_id, name, email) VALUES
('f7493895-f37f-406d-a610-1ead7339112f', null, '2023-02-04 19:51:52.576530', '2023-02-04 19:51:52.576530', 'f7c6016b-85b5-47f7-8027-23c2db482197', 'github', 'ducnv', 'ducnv', null),
('b9ecb5a4-4658-4e1a-ba3a-433ad087eb79', null, '2023-02-04 19:51:52.576530', '2023-02-04 19:51:52.576530', 'd42a6fca-d3b8-4a48-80f7-a95772abda56', 'github', 'truongnguyen', 'truongnguyen', null),
('fbbf573c-72b1-41a2-b092-ae4c177ef285', null, '2023-02-04 19:51:52.576530', '2023-02-04 19:51:52.576530', 'dcfee24b-306d-4609-9c24-a4021639a11b', 'github', 'quynhle', 'quynhle', null),
('aea004b5-27e1-437c-8263-1129347ccba7', null, '2023-02-04 19:51:52.576530', '2023-02-04 19:51:52.576530', '38a00d4a-bc45-41de-965a-adc674ab82c9', 'github', 'nguyennh', 'nguyennh', null),
('41ccbccf-cde9-4ff4-8175-c9eb3cbe00a5', null, '2023-02-04 19:51:52.576530', '2023-02-04 19:51:52.576530', 'ecea9d15-05ba-4a4e-9787-54210e3b98ce', 'github', 'huynguyen', 'huynguyen', null),
('9004bc6a-10a0-4a10-957a-ed546b369e69', null, '2023-02-04 19:51:52.576530', '2023-02-04 19:51:52.576530', '2655832e-f009-4b73-a535-64c3a22e558f', 'github', 'thanhpham', 'thanhpham', null),
('eb19b10f-b949-4fd1-8d28-5854df3cc5ad', null, '2023-02-04 19:51:52.576530', '2023-02-04 19:51:52.576530', '608ea227-45a5-4c8a-af43-6c7280d96340', 'github', 'huytq', 'huytq', null),
('d1e96a8b-868a-4b1d-975f-6401fccc5a72', null, '2023-02-04 19:51:52.576530', '2023-02-04 19:51:52.576530', '3f705527-0455-4e67-a585-6c1f23726fff', 'github', 'huygn', 'huygn', null),
('8d2f0d84-8c26-47a4-a9d2-ae18f0872fc5', null, '2023-02-04 19:51:52.576530', '2023-02-04 19:51:52.576530', '37e00d47-de69-4ac8-991b-cf3e39565c00', 'github', 'thuongphuong', 'thuongphuong', null),
('138b3c08-817e-436e-adf0-144962ebebef', null, '2023-02-04 19:51:52.576530', '2023-02-04 19:51:52.576530', 'fae443f8-e8ff-4eec-b86c-98216d7662d8', 'github', 'toanhq', 'toanhq', null),
('6a44a4e1-3b18-472a-83cc-e41b15b73596', null, '2023-02-04 19:51:52.576530', '2023-02-04 19:51:52.576530', 'ac318f73-0c8e-43ed-b00e-d230670dc400', 'github', 'quynhtd', 'quynhtd', null),
('cedb891f-4842-4f0f-8ea8-4d5fb399b34f', null, '2023-02-04 19:51:52.576530', '2023-02-04 19:51:52.576530', 'd389d35e-c548-42cf-9f29-2a599969a8f2', 'github', 'thaonguyen', 'thaonguyen', null),
('3d7ecab9-9fec-463d-9c54-c159ea224c65', null, '2023-02-04 19:51:52.576530', '2023-02-04 19:51:52.576530', 'a1f25e3e-cf40-4d97-a4d5-c27ee566b8c5', 'github', 'cuongphan', 'cuongphan', null),
('31419f40-7bdc-4369-835c-13a198f2e2b8', null, '2023-02-04 19:51:52.576530', '2023-02-04 19:51:52.576530', '498d5805-dd64-4643-902d-95067d6e5ab5', 'github', 'vhbien', 'vhbien', null),
('085ba4e0-a5e4-4c13-ad06-43fb7279d11d', null, '2023-02-04 19:51:52.576530', '2023-02-04 19:51:52.576530', 'f6ce0d0f-5794-463b-ad0b-8240ab9c49be', 'github', 'anhnh', 'anhnh', null),
('159b3992-c06f-4d6e-bd32-050a4c8404e2', null, '2023-02-04 19:51:52.576530', '2023-02-04 19:51:52.576530', '061820c0-bf6c-4b4a-9753-875f75d71a2c', 'github', 'hungvong', 'hungvong', null),
('34c3bebf-2dee-48bd-a0d1-449db9fa273f', null, '2023-02-04 19:51:52.576530', '2023-02-04 19:51:52.576530', 'd675dfc5-acbe-4566-acde-f7cb132c0206', 'github', 'khangle', 'khangle', null),
('e9e0dae3-258d-49a9-9627-900b4394a0fc', null, '2023-02-04 19:51:52.576530', '2023-02-04 19:51:52.576530', '8d7c99c0-3253-4286-93a9-e7554cb327ef', 'github', 'namnh', 'namnh', null),
('9fb27a1d-7a37-45c0-886c-d81eca172bc3', null, '2023-02-04 19:51:52.576530', '2023-02-04 19:51:52.576530', 'eeae589a-94e3-49ac-a94c-fcfb084152b2', 'github', 'lapnn', 'lapnn', null),
('c9039b9a-20b0-4743-8b1f-1eec0b69c1f3', null, '2023-02-04 19:51:52.576530', '2023-02-04 19:51:52.576530', 'd1b1dcbe-f4ed-49cc-a16b-56c9a3145c14', 'github', 'duc', 'duc', null),
('91a5c209-ab92-477f-854d-95942fb3c852', null, '2023-02-04 19:51:52.576530', '2023-02-04 19:51:52.576530', '7bcf4b45-0279-4da2-84e4-eec5d9d05ba3', 'github', 'mia', 'mia', null),
('12ff932f-3fa3-4607-aa4e-49ceaee23668', null, '2023-02-04 19:51:52.576530', '2023-02-04 19:51:52.576530', '7fbfb59b-e00e-46b2-85cd-64f9f9942daa', 'github', 'datdt', 'datdt', null),
('df7a6b1e-c939-4648-ba4e-d36d1c5b1c68', null, '2023-02-04 19:51:52.593629', '2023-02-04 19:51:52.593629', 'f7c6016b-85b5-47f7-8027-23c2db482197', 'gitlab', 'ducnv', 'ducnv', null),
('ea39be4f-45c1-48ab-a6d0-36db912bc170', null, '2023-02-04 19:51:52.593629', '2023-02-04 19:51:52.593629', 'd42a6fca-d3b8-4a48-80f7-a95772abda56', 'gitlab', 'truongnguyen', 'truongnguyen', null),
('49fe7423-387b-480a-8a99-b04497441369', null, '2023-02-04 19:51:52.593629', '2023-02-04 19:51:52.593629', 'dcfee24b-306d-4609-9c24-a4021639a11b', 'gitlab', 'quynhle', 'quynhle', null),
('e5674686-bff2-4419-ad10-2098847e7a7b', null, '2023-02-04 19:51:52.593629', '2023-02-04 19:51:52.593629', '38a00d4a-bc45-41de-965a-adc674ab82c9', 'gitlab', 'nguyennh', 'nguyennh', null),
('acc185e4-3f22-4187-aef6-61718128b96d', null, '2023-02-04 19:51:52.593629', '2023-02-04 19:51:52.593629', 'ecea9d15-05ba-4a4e-9787-54210e3b98ce', 'gitlab', 'huynguyen', 'huynguyen', null),
('59a0555f-d587-4b1e-83d0-5fff47a9e493', null, '2023-02-04 19:51:52.593629', '2023-02-04 19:51:52.593629', '2655832e-f009-4b73-a535-64c3a22e558f', 'gitlab', 'thanhpham', 'thanhpham', null),
('7b05c21f-cfc8-403b-bb99-7648d2b3a69c', null, '2023-02-04 19:51:52.593629', '2023-02-04 19:51:52.593629', '608ea227-45a5-4c8a-af43-6c7280d96340', 'gitlab', 'huytq', 'huytq', null),
('170532e2-3982-4359-858d-f0fb75725829', null, '2023-02-04 19:51:52.593629', '2023-02-04 19:51:52.593629', '3f705527-0455-4e67-a585-6c1f23726fff', 'gitlab', 'huygn', 'huygn', null),
('bc7f3813-ce7f-4757-9832-b2996610f52b', null, '2023-02-04 19:51:52.593629', '2023-02-04 19:51:52.593629', '37e00d47-de69-4ac8-991b-cf3e39565c00', 'gitlab', 'thuongphuong', 'thuongphuong', null),
('ee1b1d36-6454-4ca3-97b4-27cad9409c47', null, '2023-02-04 19:51:52.593629', '2023-02-04 19:51:52.593629', 'fae443f8-e8ff-4eec-b86c-98216d7662d8', 'gitlab', 'toanhq', 'toanhq', null),
('23154dda-0c2a-4cfd-94b1-b811cb749ecd', null, '2023-02-04 19:51:52.593629', '2023-02-04 19:51:52.593629', 'ac318f73-0c8e-43ed-b00e-d230670dc400', 'gitlab', 'quynhtd', 'quynhtd', null),
('186ea8d7-7964-43b4-b21c-671ac39f3e25', null, '2023-02-04 19:51:52.593629', '2023-02-04 19:51:52.593629', 'd389d35e-c548-42cf-9f29-2a599969a8f2', 'gitlab', 'thaonguyen', 'thaonguyen', null),
('54203700-9dfa-44eb-948b-77e810464dd8', null, '2023-02-04 19:51:52.593629', '2023-02-04 19:51:52.593629', 'a1f25e3e-cf40-4d97-a4d5-c27ee566b8c5', 'gitlab', 'cuongphan', 'cuongphan', null),
('275f1c2c-eefa-4548-b86b-cbc32f127250', null, '2023-02-04 19:51:52.593629', '2023-02-04 19:51:52.593629', '498d5805-dd64-4643-902d-95067d6e5ab5', 'gitlab', 'vhbien', 'vhbien', null),
('0e96d98d-4259-4b74-974f-f0d2e4cc798b', null, '2023-02-04 19:51:52.593629', '2023-02-04 19:51:52.593629', 'f6ce0d0f-5794-463b-ad0b-8240ab9c49be', 'gitlab', 'anhnh', 'anhnh', null),
('9497388d-45f4-453c-bedb-33b2f8f4e130', null, '2023-02-04 19:51:52.593629', '2023-02-04 19:51:52.593629', '061820c0-bf6c-4b4a-9753-875f75d71a2c', 'gitlab', 'hungvong', 'hungvong', null),
('e1e1a43d-7881-4045-a66f-2dcc5879a411', null, '2023-02-04 19:51:52.593629', '2023-02-04 19:51:52.593629', 'd675dfc5-acbe-4566-acde-f7cb132c0206', 'gitlab', 'khangle', 'khangle', null),
('fd8d4c4e-e566-4160-8a94-d69cf8ec99a0', null, '2023-02-04 19:51:52.593629', '2023-02-04 19:51:52.593629', '8d7c99c0-3253-4286-93a9-e7554cb327ef', 'gitlab', 'namnh', 'namnh', null),
('d4acf308-7a97-4d1d-bd80-076c8f1fff86', null, '2023-02-04 19:51:52.593629', '2023-02-04 19:51:52.593629', 'eeae589a-94e3-49ac-a94c-fcfb084152b2', 'gitlab', 'lapnn', 'lapnn', null),
('9dd7794b-570f-48e9-8e49-117a06426558', null, '2023-02-04 19:51:52.593629', '2023-02-04 19:51:52.593629', 'd1b1dcbe-f4ed-49cc-a16b-56c9a3145c14', 'gitlab', 'duc', 'duc', null),
('94ecbd4d-f43d-457b-ad32-f1c35fa7d21a', null, '2023-02-04 19:51:52.593629', '2023-02-04 19:51:52.593629', '7bcf4b45-0279-4da2-84e4-eec5d9d05ba3', 'gitlab', 'mia', 'mia', null),
('c4c4223a-1d70-45fe-8331-9c15cc8a8905', null, '2023-02-04 19:51:52.593629', '2023-02-04 19:51:52.593629', '7fbfb59b-e00e-46b2-85cd-64f9f9942daa', 'gitlab', 'datdt', 'datdt', null),
('77797422-3761-4430-8892-931689cc94b7', null, '2023-02-04 19:51:52.608077', '2023-02-04 19:51:52.608077', 'f7c6016b-85b5-47f7-8027-23c2db482197', 'notion', '26581472', 'notionName', null),
('08170445-752e-465a-97e9-e17567f42e54', null, '2023-02-04 19:51:52.608077', '2023-02-04 19:51:52.608077', 'd42a6fca-d3b8-4a48-80f7-a95772abda56', 'notion', '26581472', 'notionName', null),
('a1f02453-547d-4c8d-8d22-3eccb043dfec', null, '2023-02-04 19:51:52.608077', '2023-02-04 19:51:52.608077', 'dcfee24b-306d-4609-9c24-a4021639a11b', 'notion', '29088916', 'notionName', null),
('d10ea88b-fa72-465b-8f53-94e14f6d1127', null, '2023-02-04 19:51:52.608077', '2023-02-04 19:51:52.608077', '38a00d4a-bc45-41de-965a-adc674ab82c9', 'notion', '26581472', 'notionName', null),
('32d439e1-30b5-45a3-a749-b8976df155a5', null, '2023-02-04 19:51:52.608077', '2023-02-04 19:51:52.608077', 'ecea9d15-05ba-4a4e-9787-54210e3b98ce', 'notion', '39523061', 'notionName', null),
('7e956bcf-fa89-412a-841b-975dc15e0b0e', null, '2023-02-04 19:51:52.608077', '2023-02-04 19:51:52.608077', '2655832e-f009-4b73-a535-64c3a22e558f', 'notion', '39523061', 'notionName', null),
('6cec02f4-2afe-4524-a047-56ade1421b49', null, '2023-02-04 19:51:52.608077', '2023-02-04 19:51:52.608077', '608ea227-45a5-4c8a-af43-6c7280d96340', 'notion', '39523061', 'notionName', null),
('027d4e36-5344-472a-90cd-eee53172aba1', null, '2023-02-04 19:51:52.608077', '2023-02-04 19:51:52.608077', '3f705527-0455-4e67-a585-6c1f23726fff', 'notion', '29088916', 'notionName', null),
('74b5cda4-f2ac-4235-ab54-9de5ff32be17', null, '2023-02-04 19:51:52.608077', '2023-02-04 19:51:52.608077', '37e00d47-de69-4ac8-991b-cf3e39565c00', 'notion', '29088916', 'notionName', null),
('36623e05-cd3f-49bc-a57b-05aaa271986d', null, '2023-02-04 19:51:52.608077', '2023-02-04 19:51:52.608077', 'fae443f8-e8ff-4eec-b86c-98216d7662d8', 'notion', '26581472', 'notionName', null),
('492a8ea0-5517-4cb3-839b-c92c1493ed3a', null, '2023-02-04 19:51:52.608077', '2023-02-04 19:51:52.608077', 'ac318f73-0c8e-43ed-b00e-d230670dc400', 'notion', '26581472', 'notionName', null),
('4ae6102a-c6db-4ce6-bcc3-fe93bd5aafb3', null, '2023-02-04 19:51:52.608077', '2023-02-04 19:51:52.608077', 'd389d35e-c548-42cf-9f29-2a599969a8f2', 'notion', '29088916', 'notionName', null),
('9d6ab647-9258-4e57-ab48-51a85cc15582', null, '2023-02-04 19:51:52.608077', '2023-02-04 19:51:52.608077', 'a1f25e3e-cf40-4d97-a4d5-c27ee566b8c5', 'notion', '29088916', 'notionName', null),
('6e8d3226-6b23-4e9f-b327-d5c23961e781', null, '2023-02-04 19:51:52.608077', '2023-02-04 19:51:52.608077', '498d5805-dd64-4643-902d-95067d6e5ab5', 'notion', '29088916', 'notionName', null),
('3dd9945f-f5aa-4b10-bb81-d111ae6831ee', null, '2023-02-04 19:51:52.608077', '2023-02-04 19:51:52.608077', 'f6ce0d0f-5794-463b-ad0b-8240ab9c49be', 'notion', '26581472', 'notionName', null),
('17a61b99-e3a8-4207-870e-9b6ad4a50773', null, '2023-02-04 19:51:52.608077', '2023-02-04 19:51:52.608077', '061820c0-bf6c-4b4a-9753-875f75d71a2c', 'notion', '26581472', 'notionName', null),
('bf6be6c3-9814-465c-b3c2-f4ca3a5592f5', null, '2023-02-04 19:51:52.608077', '2023-02-04 19:51:52.608077', 'd675dfc5-acbe-4566-acde-f7cb132c0206', 'notion', '26581472', 'notionName', null),
('83c82c09-3b18-4a8e-9803-fffce799f828', null, '2023-02-04 19:51:52.608077', '2023-02-04 19:51:52.608077', '8d7c99c0-3253-4286-93a9-e7554cb327ef', 'notion', '39523061', 'notionName', null),
('c888348f-cf63-4e7e-ad5d-825fadeafbe7', null, '2023-02-04 19:51:52.608077', '2023-02-04 19:51:52.608077', 'eeae589a-94e3-49ac-a94c-fcfb084152b2', 'notion', '39523061', 'notionName', null),
('7fe7b207-e609-4196-a96f-0c29fc30935b', null, '2023-02-04 19:51:52.608077', '2023-02-04 19:51:52.608077', 'd1b1dcbe-f4ed-49cc-a16b-56c9a3145c14', 'notion', '29088916', 'notionName', null),
('f6da8c1e-e46c-4cc6-b9ba-6dbeedd84ce4', null, '2023-02-04 19:51:52.608077', '2023-02-04 19:51:52.608077', '7bcf4b45-0279-4da2-84e4-eec5d9d05ba3', 'notion', '29088916', 'notionName', null),
('1f30b7f1-d3a4-45fd-bfba-c2d167f2c523', null, '2023-02-04 19:51:52.608077', '2023-02-04 19:51:52.608077', '7fbfb59b-e00e-46b2-85cd-64f9f9942daa', 'notion', '26581472', 'notionName', null),
('d27a8c97-e1c0-45ec-8fae-1bbcbf340c09', null, '2023-02-04 19:51:52.622114', '2023-02-04 19:51:52.622114', 'f7c6016b-85b5-47f7-8027-23c2db482197', 'discord', '100000000000000001', 'discordName', null),
('343f18f0-ccfd-4de9-8313-72ac4065c345', null, '2023-02-04 19:51:52.622114', '2023-02-04 19:51:52.622114', 'd42a6fca-d3b8-4a48-80f7-a95772abda56', 'discord', '100000000000000002', 'discordName', null),
('fe6a9d3e-987f-4e07-a662-105ee1234e4f', null, '2023-02-04 19:51:52.622114', '2023-02-04 19:51:52.622114', 'dcfee24b-306d-4609-9c24-a4021639a11b', 'discord', '100000000000000003', 'discordName', null),
('8545c5fd-ce2a-42e1-b45c-63abba919fb1', null, '2023-02-04 19:51:52.622114', '2023-02-04 19:51:52.622114', '38a00d4a-bc45-41de-965a-adc674ab82c9', 'discord', '100000000000000004', 'discordName', null),
('fc175e16-c577-4853-b0a8-2d6ff39b17d7', null, '2023-02-04 19:51:52.622114', '2023-02-04 19:51:52.622114', 'ecea9d15-05ba-4a4e-9787-54210e3b98ce', 'discord', '100000000000000005', 'discordName', null),
('bff86490-77cf-4900-8dac-b6e9690f4a5a', null, '2023-02-04 19:51:52.622114', '2023-02-04 19:51:52.622114', '2655832e-f009-4b73-a535-64c3a22e558f', 'discord', '100000000000000006', 'discordName', null),
('cc850621-fa42-4d85-aade-fcc8aa640567', null, '2023-02-04 19:51:52.622114', '2023-02-04 19:51:52.622114', '608ea227-45a5-4c8a-af43-6c7280d96340', 'discord', '100000000000000007', 'discordName', null),
('32a5a4f7-4940-4e2f-b14a-19dcdd1c15f9', null, '2023-02-04 19:51:52.622114', '2023-02-04 19:51:52.622114', '3f705527-0455-4e67-a585-6c1f23726fff', 'discord', '100000000000000008', 'discordName', null),
('52283281-799c-4b06-a272-bdd7b8ff2b58', null, '2023-02-04 19:51:52.622114', '2023-02-04 19:51:52.622114', '37e00d47-de69-4ac8-991b-cf3e39565c00', 'discord', '100000000000000009', 'discordName', null),
('a90cfaf2-3eaf-4407-a95f-f3d8784d02e9', null, '2023-02-04 19:51:52.622114', '2023-02-04 19:51:52.622114', 'fae443f8-e8ff-4eec-b86c-98216d7662d8', 'discord', '100000000000000010', 'discordName', null),
('0f9202bc-ea14-4bbe-b967-25a084552cfc', null, '2023-02-04 19:51:52.622114', '2023-02-04 19:51:52.622114', 'ac318f73-0c8e-43ed-b00e-d230670dc400', 'discord', '100000000000000011', 'discordName', null),
('89a246cc-59b3-4e2f-a305-ad0c9d7b0000', null, '2023-02-04 19:51:52.622114', '2023-02-04 19:51:52.622114', 'd389d35e-c548-42cf-9f29-2a599969a8f2', 'discord', '100000000000000012', 'discordName', null),
('421379fb-f0d5-4c7a-a74d-f61e455ceccb', null, '2023-02-04 19:51:52.622114', '2023-02-04 19:51:52.622114', 'a1f25e3e-cf40-4d97-a4d5-c27ee566b8c5', 'discord', '100000000000000013', 'discordName', null),
('a60c5234-20d1-40b4-b3da-37281e3ca1f6', null, '2023-02-04 19:51:52.622114', '2023-02-04 19:51:52.622114', '498d5805-dd64-4643-902d-95067d6e5ab5', 'discord', '100000000000000014', 'discordName', null),
('2a8b18d9-b012-4fcb-a2b2-e468dcd3c316', null, '2023-02-04 19:51:52.622114', '2023-02-04 19:51:52.622114', 'f6ce0d0f-5794-463b-ad0b-8240ab9c49be', 'discord', '100000000000000015', 'discordName', null),
('85c70959-6c92-41eb-8b7f-4105105e113b', null, '2023-02-04 19:51:52.622114', '2023-02-04 19:51:52.622114', '061820c0-bf6c-4b4a-9753-875f75d71a2c', 'discord', '100000000000000016', 'discordName', null),
('415373fb-ea54-41a2-9f60-c6627e53cfc3', null, '2023-02-04 19:51:52.622114', '2023-02-04 19:51:52.622114', 'd675dfc5-acbe-4566-acde-f7cb132c0206', 'discord', '100000000000000017', 'discordName', null),
('c99e2c25-cdc2-481b-8f49-a6584693ad52', null, '2023-02-04 19:51:52.622114', '2023-02-04 19:51:52.622114', '8d7c99c0-3253-4286-93a9-e7554cb327ef', 'discord', '100000000000000018', 'discordName', null),
('416c169c-e2b2-425e-9f86-9671ce350aa9', null, '2023-02-04 19:51:52.622114', '2023-02-04 19:51:52.622114', 'eeae589a-94e3-49ac-a94c-fcfb084152b2', 'discord', '100000000000000019', 'discordName', null),
('87777949-4411-42af-8b41-c3950d8b3733', null, '2023-02-04 19:51:52.622114', '2023-02-04 19:51:52.622114', 'd1b1dcbe-f4ed-49cc-a16b-56c9a3145c14', 'discord', '100000000000000020', 'discordName', null),
('ded13922-7920-4625-98fb-a4c5e7d75cb6', null, '2023-02-04 19:51:52.622114', '2023-02-04 19:51:52.622114', '7bcf4b45-0279-4da2-84e4-eec5d9d05ba3', 'discord', '100000000000000021', 'discordName', null),
('1f0404ef-3a15-44b9-81a1-157a63650aaf', null, '2023-02-04 19:51:52.622114', '2023-02-04 19:51:52.622114', '7fbfb59b-e00e-46b2-85cd-64f9f9942daa', 'discord', '100000000000000022', 'discordName', null);

UPDATE chapters SET lead_id = '8d7c99c0-3253-4286-93a9-e7554cb327ef' WHERE id = '11ccffea-2cc9-4e98-9bef-3464dfe4dec8';

INSERT INTO public.employee_roles (id, deleted_at, created_at, updated_at, employee_id, role_id) VALUES
('f40ead54-dc57-40d5-9c6a-4f22341ee7d2', NULL, '2022-11-11 18:36:31.657696', '2022-11-11 18:36:31.657696', 'ecea9d15-05ba-4a4e-9787-54210e3b98ce', '11ccffea-2cc9-4e98-9bef-3464dfe4dec8'),
('3fd72903-cebb-4519-82c2-4c8f096a272b', NULL, '2022-11-11 18:36:31.657696', '2022-11-11 18:36:31.657696', 'eeae589a-94e3-49ac-a94c-fcfb084152b2', '11ccffea-2cc9-4e98-9bef-3464dfe4dec8'),
('b3c27435-eb39-400b-a94b-7bf8218b8b3e', NULL, '2022-11-11 18:36:31.657696', '2022-11-11 18:36:31.657696', '2655832e-f009-4b73-a535-64c3a22e558f', '11ccffea-2cc9-4e98-9bef-3464dfe4dec8'),
('5bfea659-4912-4668-ae28-644083595aa6', NULL, '2022-11-11 18:36:31.657696', '2022-11-11 18:36:31.657696', '608ea227-45a5-4c8a-af43-6c7280d96340', 'd796884d-a8c4-4525-81e7-54a3b6099eac'),
('178a7b5c-ddac-445d-9045-09d3b6b04431', NULL, '2022-11-11 18:36:31.657696', '2022-11-11 18:36:31.657696', '8d7c99c0-3253-4286-93a9-e7554cb327ef', '11ccffea-2cc9-4e98-9bef-3464dfe4dec8'),
('eb45824b-38c0-4ca9-84c0-a9e3cd9020e3', NULL, '2022-11-17 11:53:14.690017', '2022-11-17 11:53:14.690017', '3f705527-0455-4e67-a585-6c1f23726fff', 'd796884d-a8c4-4525-81e7-54a3b6099eac'),
('12bf24b0-b95a-4be4-8cf8-c57e9058a278', NULL, '2022-11-17 11:53:14.690017', '2022-11-17 11:53:14.690017', 'd1b1dcbe-f4ed-49cc-a16b-56c9a3145c14', 'd796884d-a8c4-4525-81e7-54a3b6099eac'),
('37282ed4-01a7-4cdc-af50-e5393e957e14', NULL, '2022-11-17 11:53:14.690017', '2022-11-17 11:53:14.690017', '7bcf4b45-0279-4da2-84e4-eec5d9d05ba3', 'd796884d-a8c4-4525-81e7-54a3b6099eac'),
('bd9500a6-29b9-4d00-a326-22983d10d834', NULL, '2022-11-17 11:53:14.690017', '2022-11-17 11:53:14.690017', '37e00d47-de69-4ac8-991b-cf3e39565c00', 'd796884d-a8c4-4525-81e7-54a3b6099eac'),
('29c3976d-f937-4acc-956b-0bc61011cea5', NULL, '2022-11-17 11:53:14.690017', '2022-11-17 11:53:14.690017', 'dcfee24b-306d-4609-9c24-a4021639a11b', 'd796884d-a8c4-4525-81e7-54a3b6099eac'),
('4a819c90-0861-4902-9f73-520727ac01bd', NULL, '2022-11-17 11:53:14.690017', '2022-11-17 11:53:14.690017', 'a1f25e3e-cf40-4d97-a4d5-c27ee566b8c5', 'd796884d-a8c4-4525-81e7-54a3b6099eac'),
('61dfa7c3-4b1f-43af-960e-e4a4080b37de', NULL, '2022-11-17 11:53:14.690017', '2022-11-17 11:53:14.690017', 'd389d35e-c548-42cf-9f29-2a599969a8f2', 'd796884d-a8c4-4525-81e7-54a3b6099eac'),
('35e93f5c-9a33-49cc-ac3a-d05d3cc56532', NULL, '2022-11-17 11:53:14.690017', '2022-11-17 11:53:14.690017', '498d5805-dd64-4643-902d-95067d6e5ab5', 'd796884d-a8c4-4525-81e7-54a3b6099eac'),
('2afab2e6-e955-4b6c-9231-be378196acf1', NULL, '2022-11-17 11:53:14.690017', '2022-11-17 11:53:14.690017', 'fae443f8-e8ff-4eec-b86c-98216d7662d8', 'd796884d-a8c4-4525-81e7-54a3b6099eac'),
('042425e7-a53a-4945-995b-a878014e4c29', NULL, '2022-11-17 11:53:14.690017', '2022-11-17 11:53:14.690017', 'ac318f73-0c8e-43ed-b00e-d230670dc400', 'd796884d-a8c4-4525-81e7-54a3b6099eac'),
('b8760efa-eaaf-434a-9ed3-c2bab9b013ee', NULL, '2022-11-17 11:53:14.690017', '2022-11-17 11:53:14.690017', '7fbfb59b-e00e-46b2-85cd-64f9f9942daa', 'd796884d-a8c4-4525-81e7-54a3b6099eac'),
('cddf3877-f0ff-4274-bb2e-cd55c00474b2', NULL, '2022-11-17 11:53:14.690017', '2022-11-17 11:53:14.690017', 'f7c6016b-85b5-47f7-8027-23c2db482197', 'd796884d-a8c4-4525-81e7-54a3b6099eac'),
('87917065-69aa-48f8-9afb-aa166b938d98', NULL, '2022-11-17 11:53:14.690017', '2022-11-17 11:53:14.690017', 'f6ce0d0f-5794-463b-ad0b-8240ab9c49be', 'd796884d-a8c4-4525-81e7-54a3b6099eac'),
('8a188594-09bb-490b-8c16-90220469f477', NULL, '2022-11-17 11:53:14.690017', '2022-11-17 11:53:14.690017', '061820c0-bf6c-4b4a-9753-875f75d71a2c', 'd796884d-a8c4-4525-81e7-54a3b6099eac'),
('436cd54e-7f3a-4ab7-a581-b0aad91a7807', NULL, '2022-11-17 11:53:14.690017', '2022-11-17 11:53:14.690017', 'd42a6fca-d3b8-4a48-80f7-a95772abda56', 'd796884d-a8c4-4525-81e7-54a3b6099eac'),
('e8c8619d-295b-4d55-936f-cd6406f0857f', NULL, '2022-11-17 11:53:14.690017', '2022-11-17 11:53:14.690017', 'd675dfc5-acbe-4566-acde-f7cb132c0206', 'd796884d-a8c4-4525-81e7-54a3b6099eac'),
('f7a25073-6832-4ba0-a69e-b0a9c87c61b4', NULL, '2022-11-17 11:53:14.690017', '2022-11-17 11:53:14.690017', '38a00d4a-bc45-41de-965a-adc674ab82c9', 'd796884d-a8c4-4525-81e7-54a3b6099eac');

