INSERT INTO public.employees (id,deleted_at,created_at,updated_at,full_name,display_name,gender,team_email,personal_email,avatar,phone_number,address,mbti,horoscope,passport_photo_front,passport_photo_back,identity_card_photo_front,identity_card_photo_back,date_of_birth,"working_status",joined_date,left_date,basecamp_id,basecamp_attachable_sgid,gitlab_id,github_id,discord_id,wise_recipient_email,wise_recipient_name,wise_recipient_id,wise_account_number,wise_currency,local_bank_branch,local_bank_number,local_bank_currency,local_branch_name,local_bank_recipient_name,seniority_id,notion_id,line_manager_id) VALUES
('f7c6016b-85b5-47f7-8027-23c2db482197', NULL, '2022-11-17 11:06:03.275039', '2022-11-17 11:06:03.275039', 'Nguyen Van Duc','Duc Nguyen','Male','ducnv@dwarvesv.com','nguyenduc123@gmail.com','https://s3-ap-southeast-1.amazonaws.com/fortress-images/7227222220023148542.png','0123456789','Hoa Khanh Bac - Da Nang - Viet Nam','INFP-A','Libra',NULL,NULL,NULL,NULL,'2000-02-02','probation','2022-05-25',NULL,NULL,NULL,'ducnv','ducnv','236885900779454465',NULL,NULL,NULL,NULL,NULL,NULL,NULL,NULL,NULL,NULL,'d796884d-a8c4-4525-81e7-54a3b6099eac','26581472','2655832e-f009-4b73-a535-64c3a22e558f'),
('d42a6fca-d3b8-4a48-80f7-a95772abda56', NULL, '2022-11-17 11:06:03.279339', '2022-11-17 11:06:03.279339', 'Nguyễn Xuân Trường','Truong Nguyen','Male','truongnx@dwarvesv.com','nguyentruong123@gmail.com','https://s3-ap-southeast-1.amazonaws.com/fortress-images/8690187460973853786.png','0123456789','Nam Tu Liem','ISFJ-T','Virgo',NULL,NULL,NULL,NULL,'1995-04-05','full-time','2022-05-25',NULL,NULL,NULL,'truongnguyen','truongnguyen','205167514731151360',NULL,NULL,NULL,NULL,NULL,NULL,NULL,NULL,NULL,NULL,'11ccffea-2cc9-4e98-9bef-3464dfe4dec8','26581472','2655832e-f009-4b73-a535-64c3a22e558f'),
('dcfee24b-306d-4609-9c24-a4021639a11b', NULL, '2022-11-17 11:06:03.264371', '2022-11-17 11:06:03.264371', 'Lê Việt Quỳnh','Quynh Le','Female','quynhlv@dwarvesv.com','lequynh123@gmail.com','https://s3-ap-southeast-1.amazonaws.com/fortress-images/4916620003720295041.png','0123456789','Binh Tan District','INTJ-S','Virgo',NULL,NULL,NULL,NULL,'1998-12-10','full-time','2021-05-17',NULL,NULL,NULL,'quynhle','quynhle','435844136025849876',NULL,NULL,NULL,NULL,NULL,NULL,NULL,NULL,NULL,NULL,'01fb6322-d727-47e3-a242-5039ea4732fc','29088916','2655832e-f009-4b73-a535-64c3a22e558f'),
('38a00d4a-bc45-41de-965a-adc674ab82c9', NULL, '2022-11-17 11:15:40.397372', '2022-11-17 11:15:40.397372', 'Nguyễn Hữu Nguyên','Nguyen Nguyen','Male','nguyennh@dwarvesv.com','nguyennh123@gmail.com','https://s3-ap-southeast-1.amazonaws.com/fortress-images/2137109913829673789.png','0123456789','Q. Thu Duc , TP.HCM','ISTJ-A','Libra',NULL,NULL,NULL,NULL,'1995-04-05','probation','2022-05-25',NULL,NULL,NULL,'nguyennh','nguyennh','205167514731151360',NULL,NULL,NULL,NULL,NULL,NULL,NULL,NULL,NULL,NULL,'11ccffea-2cc9-4e98-9bef-3464dfe4dec8', '26581472','2655832e-f009-4b73-a535-64c3a22e558f'),
('ecea9d15-05ba-4a4e-9787-54210e3b98ce', NULL, '2022-11-02 09:50:55.320669', '2022-11-02 09:50:55.320669', 'Nguyễn Hoàng Huy','Huy Nguyen','Male','huynh@d.foundation','hoanghuy123@gmail.com','https://s3-ap-southeast-1.amazonaws.com/fortress-images/2830497479497502617.png','0123456789','Thu Duc City, Ho Chi Minh City','ENFJ-A','Aquaman',NULL,NULL,NULL,NULL,'1990-01-02','probation','2018-09-01',NULL,NULL,NULL,'huynguyen','huynguyen','646649040771219476',NULL,NULL,NULL,NULL,NULL,NULL,NULL,NULL,NULL,NULL,'01fb6322-d727-47e3-a242-5039ea4732fd','39523061','2655832e-f009-4b73-a535-64c3a22e558f'),
('2655832e-f009-4b73-a535-64c3a22e558f', NULL, '2022-11-02 09:52:34.586566', '2022-11-02 09:52:34.586566', 'Phạm Đức Thành','Thanh Pham','Male','thanh@d.foundation','thanhpham123@gmail.com','https://s3-ap-southeast-1.amazonaws.com/fortress-images/5153574695663955944.png','0123456788','Tan Binh District, Ho Chi Minh, Vietnam','ISFJ-A','Aquaman',NULL,NULL,NULL,NULL,'1990-01-02','contractor','2018-09-01',NULL,NULL,NULL,'thanhpham','thanhpham','646649040771219476',NULL,NULL,NULL,NULL,NULL,NULL,NULL,NULL,NULL,NULL,'01fb6322-d727-47e3-a242-5039ea4732fd','39523061',NULL),
('608ea227-45a5-4c8a-af43-6c7280d96340', NULL, '2022-11-02 09:50:55.320669', '2022-11-02 09:50:55.320669', 'Tiêu Quang Huy','Huy Tieu','Male','huytq@d.foundation','huytq123@gmail.com','https://s3-ap-southeast-1.amazonaws.com/fortress-images/3c420751-bb9a-4878-896e-2f10f3a633d6_avatar2535921977139052349.png','0123456789','Binh Thanh, Ho Chi Minh City','INFP-A','Libra',NULL,NULL,NULL,NULL,'1990-01-02','contractor','2018-09-01',NULL,NULL,NULL,'huytq','huytq','435844136025849876',NULL,NULL,NULL,NULL,NULL,NULL,NULL,NULL,NULL,NULL,'01fb6322-d727-47e3-a242-5039ea4732fd','39523061','2655832e-f009-4b73-a535-64c3a22e558f'),
('3f705527-0455-4e67-a585-6c1f23726fff', NULL, '2022-11-17 11:06:03.245183', '2022-11-17 11:06:03.245183', 'Giang Ngọc Huy','Huy Giang','Male','huy@dwarvesv.com','gnhuy123@gmail.com','https://s3-ap-southeast-1.amazonaws.com/fortress-images/261887286241984054.png','0123456789','Binh Tan District, Ho Chi Minh, Vietnam','ISFJ-A','Libra',NULL,NULL,NULL,NULL,'1991-11-11','full-time','2018-09-01',NULL,NULL,NULL,'huygn','huygn','435844136025849876',NULL,NULL,NULL,NULL,NULL,NULL,NULL,NULL,NULL,NULL,'01fb6322-d727-47e3-a242-5039ea4732fd','29088916','2655832e-f009-4b73-a535-64c3a22e558f'),
('37e00d47-de69-4ac8-991b-cf3e39565c00', NULL, '2022-11-17 11:06:03.262847', '2022-11-17 11:06:03.262847', 'Phùng Thị Thương Thương','Thuong Phung','Female','thuongptt@dwarvesv.com','thuongphung123@gmail.com','https://s3-ap-southeast-1.amazonaws.com/fortress-images/7186955696154477566.png','0123456789','District 10, Ho Chi Minh, Vietnam','INFP-A','Scorpio',NULL,NULL,NULL,NULL,'1991-11-11','full-time','2021-05-17',NULL,NULL,NULL,'thuongphuong','thuongphuong','435844136025849876',NULL,NULL,NULL,NULL,NULL,NULL,NULL,NULL,NULL,NULL,'01fb6322-d727-47e3-a242-5039ea4732fc', '29088916','2655832e-f009-4b73-a535-64c3a22e558f'),
('fae443f8-e8ff-4eec-b86c-98216d7662d8', NULL, '2022-11-17 11:06:03.270325', '2022-11-17 11:06:03.270325', 'Ho Quang Toan','Toan Ho','Male','toanhq@dwarvesv.com','toanbku123@gmail.com','https://s3-ap-southeast-1.amazonaws.com/fortress-images/6674226719566030792.png','0123456789','Tam Phu ward, Thu Duc district','ISFJ-A','Libra',NULL,NULL,NULL,NULL,'1998-12-10','left','2022-05-25','2022-04-12',NULL,NULL,'toanhq','toanhq','236885900779454465',NULL,NULL,NULL,NULL,NULL,NULL,NULL,NULL,NULL,NULL,'dac16ce6-9e5a-4ff3-9ea2-fdea4853925e','26581472','2655832e-f009-4b73-a535-64c3a22e558f'),
('ac318f73-0c8e-43ed-b00e-d230670dc400', NULL, '2022-11-17 11:06:03.271908', '2022-11-17 11:06:03.271908', 'Trần Diễm Quỳnh','Quynh Tran','Female','quynhtd@dwarvesv.com','quynhtd123@gmail.com','https://s3-ap-southeast-1.amazonaws.com/fortress-images/8900807301346129018.png','0123456789','Tay Ho','ISTJ-A','Aries',NULL,NULL,NULL,NULL,'2000-02-02','left','2022-05-25','2022-04-12',NULL,NULL,'quynhtd','quynhtd','236885900779454465',NULL,NULL,NULL,NULL,NULL,NULL,NULL,NULL,NULL,NULL,'dac16ce6-9e5a-4ff3-9ea2-fdea4853925e', '26581472','2655832e-f009-4b73-a535-64c3a22e558f'),
('d389d35e-c548-42cf-9f29-2a599969a8f2', NULL, '2022-11-17 11:06:03.267167', '2022-11-17 11:06:03.267167', 'Nguyễn Trần Minh Thảo','Thao Nguyen','Female','thaontm@dwarvesv.com','thaonguyen123@gmail.com','https://s3-ap-southeast-1.amazonaws.com/fortress-images/5348640939694049226.png','0123456789','Bình Tân District','INFP-A','Virgo',NULL,NULL,NULL,NULL,'1998-12-10','full-time','2021-05-17',NULL,NULL,NULL,'thaonguyen','thaonguyen','435844136025849876',NULL,NULL,NULL,NULL,NULL,NULL,NULL,NULL,NULL,NULL,'dac16ce6-9e5a-4ff3-9ea2-fdea4853925e', '29088916','2655832e-f009-4b73-a535-64c3a22e558f'),
('a1f25e3e-cf40-4d97-a4d5-c27ee566b8c5', NULL, '2022-11-17 11:06:03.265726', '2022-11-17 11:06:03.265726', 'Phan Duy Cường','Cuong Phan','Male','cody@dwarvesv.com','cuongphan123@gmail.com','https://s3-ap-southeast-1.amazonaws.com/fortress-images/8465254073957996724.png','0123456789','Tan Binh Ward','ISFJ-A','Virgo',NULL,NULL,NULL,NULL,'1998-12-10','full-time','2021-05-17',NULL,NULL,NULL,'cuongphan','cuongphan','435844136025849876',NULL,NULL,NULL,NULL,NULL,NULL,NULL,NULL,NULL,NULL,'dac16ce6-9e5a-4ff3-9ea2-fdea4853925e', '29088916','2655832e-f009-4b73-a535-64c3a22e558f'),
('498d5805-dd64-4643-902d-95067d6e5ab5', NULL, '2022-11-17 11:06:03.268733', '2022-11-17 11:06:03.268733', 'Võ Hải Biên','Bien Vo','Male','bean@dwarvesv.com','vhbien123@gmail.com','https://s3-ap-southeast-1.amazonaws.com/fortress-images/4114345912835654270.png','0123456789','Quận Thủ Đức - TPHCM','ISFJ-T','Libra',NULL,NULL,NULL,NULL,'1998-12-10','full-time','2021-05-17',NULL,NULL,NULL,'vhbien','vhbien','236885900779454465',NULL,NULL,NULL,NULL,NULL,NULL,NULL,NULL,NULL,NULL,'dac16ce6-9e5a-4ff3-9ea2-fdea4853925e', '29088916','2655832e-f009-4b73-a535-64c3a22e558f'),
('f6ce0d0f-5794-463b-ad0b-8240ab9c49be', NULL, '2022-11-17 11:06:03.276614', '2022-11-17 11:06:03.276614', 'Nguyễn Hoàng Anh','Anh Nguyen','Male','anhnh@dwarvesv.com','nguyenanh123@gmail.com','https://s3-ap-southeast-1.amazonaws.com/fortress-images/3274097965772922906.png','0123456789','Q.Tân Bình, TP.HCM','INFP-A','Aries',NULL,NULL,NULL,NULL,'2000-02-02','full-time','2022-05-25',NULL,NULL,NULL,'anhnh','anhnh','236885900779454465',NULL,NULL,NULL,NULL,NULL,NULL,NULL,NULL,NULL,NULL,'d796884d-a8c4-4525-81e7-54a3b6099eac', '26581472','2655832e-f009-4b73-a535-64c3a22e558f'),
('061820c0-bf6c-4b4a-9753-875f75d71a2c', NULL, '2022-11-17 11:06:03.278004', '2022-11-17 11:06:03.278004', 'Vong Tieu Hung','Hung Vong','Male','hungvt@dwarvesv.com','tieuhung123@gmail.com','https://s3-ap-southeast-1.amazonaws.com/fortress-images/5762098830282049280.png','0123456789','Thu Duc','INFP-A','Aries',NULL,NULL,NULL,NULL,'1995-04-05','probation','2022-05-25',NULL,NULL,NULL,'hungvong','hungvong','205167514731151360',NULL,NULL,NULL,NULL,NULL,NULL,NULL,NULL,NULL,NULL,'d796884d-a8c4-4525-81e7-54a3b6099eac', '26581472','2655832e-f009-4b73-a535-64c3a22e558f'),
('d675dfc5-acbe-4566-acde-f7cb132c0206', NULL, '2022-11-17 11:06:03.281048', '2022-11-17 11:06:03.281048', 'Le Nguyen An Khang','Khang Le','Male','khanglna@dwarvesv.com','khangle123@gmail.com','https://s3-ap-southeast-1.amazonaws.com/fortress-images/4368900905892223171.png','0123456789','Binh Thanh District','ENFJ-A','Libra',NULL,NULL,NULL,NULL,'1995-04-05','probation','2022-05-25',NULL,NULL,NULL,'khangle','khangle','205167514731151360',NULL,NULL,NULL,NULL,NULL,NULL,NULL,NULL,NULL,NULL,'11ccffea-2cc9-4e98-9bef-3464dfe4dec8', '26581472','2655832e-f009-4b73-a535-64c3a22e558f'),
('8d7c99c0-3253-4286-93a9-e7554cb327ef', NULL, '2022-11-02 09:50:55.320669', '2022-11-02 09:50:55.320669', 'Nguyễn Hải Nam','Nam Nguyen','Male','benjamin@d.foundation','nam123@gmail.com','https://s3-ap-southeast-1.amazonaws.com/fortress-images/8399103964540935617.png','0123456789','District 7, Ho Chi Minh City','ENFJ-A','Libra',NULL,NULL,NULL,NULL,'1990-01-02','probation','2018-09-01',NULL,NULL,NULL,'namnh','namnh','646649040771219476',NULL,NULL,NULL,NULL,NULL,NULL,NULL,NULL,NULL,NULL,'01fb6322-d727-47e3-a242-5039ea4732fd','39523061','2655832e-f009-4b73-a535-64c3a22e558f'),
('eeae589a-94e3-49ac-a94c-fcfb084152b2', NULL, '2022-11-02 09:50:55.320669', '2022-11-02 09:50:55.320669', 'Nguyễn Ngô Lập','Lap Nguyen','Male','alan@d.foundation','lap123@gmail.com','https://s3-ap-southeast-1.amazonaws.com/fortress-images/2870969541970972723.png','0123456789','Binh chanh, Ho Chi Minh City','ENFJ-A','Libra',NULL,NULL,NULL,NULL,'1990-01-02','probation','2018-09-01',NULL,NULL,NULL,'lapnn','lapnn','646649040771219476',NULL,NULL,NULL,NULL,NULL,NULL,NULL,NULL,NULL,NULL,'01fb6322-d727-47e3-a242-5039ea4732fd','39523061','2655832e-f009-4b73-a535-64c3a22e558f'),
('d1b1dcbe-f4ed-49cc-a16b-56c9a3145c14', NULL, '2022-11-17 11:06:03.255694', '2022-11-17 11:06:03.255694', 'Nghiêm Minh Đức','Duc Nghiem','Male','duc@dwarvesv.com','ducnghiem123@gmail.com','https://s3-ap-southeast-1.amazonaws.com/fortress-images/3851063061598282120.png','0123456789','Tan Binh District, Ho Chi Minh, Vietnam','INTJ-S','Scorpio',NULL,NULL,NULL,NULL,'1991-11-11','probation','2021-05-17',NULL,NULL,NULL,'duc','duc','435844136025849876',NULL,NULL,NULL,NULL,NULL,NULL,NULL,NULL,NULL,NULL,'01fb6322-d727-47e3-a242-5039ea4732fc','29088916','2655832e-f009-4b73-a535-64c3a22e558f'),
('7bcf4b45-0279-4da2-84e4-eec5d9d05ba3', NULL, '2022-11-17 11:06:03.261104', '2022-11-17 11:06:03.261104', 'Nguyễn Lâm Ngọc Duy','Duy Nguyen','Female','mia@dwarvesv.com','ngocduy123@gmail.com','https://s3-ap-southeast-1.amazonaws.com/fortress-images/7186955696154477566.png','0123456789','Binh An, District 2, Ho Chi Minh, Vietnam','INTJ-S','Scorpio',NULL,NULL,NULL,NULL,'1991-11-11','full-time','2021-05-17',NULL,NULL,NULL,'mia','mia','435844136025849876',NULL,NULL,NULL,NULL,NULL,NULL,NULL,NULL,NULL,NULL,'01fb6322-d727-47e3-a242-5039ea4732fc','29088916','2655832e-f009-4b73-a535-64c3a22e558f'),
('7fbfb59b-e00e-46b2-85cd-64f9f9942daa', NULL, '2022-11-17 11:06:03.27344', '2022-11-17 11:06:03.27344', 'Đoàn Tấn Đạt','Dat Doan','Male','datdt@dwarvesv.com','doandat123@gmail.com','https://s3-ap-southeast-1.amazonaws.com/fortress-images/1105085008506574007.png','0123456789','Binh Tan District, Ho Chi Minh, Vietnam','INFP-A','Aries',NULL,NULL,NULL,NULL,'2000-02-02','left','2022-05-25','2022-04-12',NULL,NULL,'datdt','datdt','236885900779454465',NULL,NULL,NULL,NULL,NULL,NULL,NULL,NULL,NULL,NULL,'d796884d-a8c4-4525-81e7-54a3b6099eac','26581472','2655832e-f009-4b73-a535-64c3a22e558f');

UPDATE chapters SET lead_id = '8d7c99c0-3253-4286-93a9-e7554cb327ef' WHERE id = '11ccffea-2cc9-4e98-9bef-3464dfe4dec8';

INSERT INTO public.employee_roles (id, deleted_at, created_at, updated_at, employee_id, role_id) VALUES
('f40ead54-dc57-40d5-9c6a-4f22341ee7d2', NULL, '2022-11-11 18:36:31.657696', '2022-11-11 18:36:31.657696', 'ecea9d15-05ba-4a4e-9787-54210e3b98ce', '11ccffea-2cc9-4e98-9bef-3464dfe4dec8'),
('3fd72903-cebb-4519-82c2-4c8f096a272b', NULL, '2022-11-11 18:36:31.657696', '2022-11-11 18:36:31.657696', 'eeae589a-94e3-49ac-a94c-fcfb084152b2', '11ccffea-2cc9-4e98-9bef-3464dfe4dec8'),
('b3c27435-eb39-400b-a94b-7bf8218b8b3e', NULL, '2022-11-11 18:36:31.657696', '2022-11-11 18:36:31.657696', '2655832e-f009-4b73-a535-64c3a22e558f', '11ccffea-2cc9-4e98-9bef-3464dfe4dec8'),
('5bfea659-4912-4668-ae28-644083595aa6', NULL, '2022-11-11 18:36:31.657696', '2022-11-11 18:36:31.657696', '608ea227-45a5-4c8a-af43-6c7280d96340', 'd796884d-a8c4-4525-81e7-54a3b6099eac'),
('178a7b5c-ddac-445d-9045-09d3b6b04431', NULL, '2022-11-11 18:36:31.657696', '2022-11-11 18:36:31.657696', '8d7c99c0-3253-4286-93a9-e7554cb327ef', '11ccffea-2cc9-4e98-9bef-3464dfe4dec8'),
('eb45824b-38c0-4ca9-84c0-a9e3cd9020e3', NULL, '2022-11-17 11:53:14.690017', '2022-11-17 11:53:14.690017', '3f705527-0455-4e67-a585-6c1f23726fff', 'd796884d-a8c4-4525-81e7-54a3b6099eac'),
('12bf24b0-b95a-4be4-8cf8-c57e9058a278', NULL, '2022-11-17 11:53:14.690017', '2022-11-17 11:53:14.690017', 'd1b1dcbe-f4ed-49cc-a16b-56c9a3145c14', 'd796884d-a8c4-4525-81e7-54a3b6099eac'),
('37282ed4-01a7-4cdc-af50-e5393e957e14', NULL, '2022-11-17 11:53:14.690017', '2022-11-17 11:53:14.690017', '7bcf4b45-0279-4da2-84e4-eec5d9d05ba3', 'd796884d-a8c4-4525-81e7-54a3b6099eac'),
('bd9500a6-29b9-4d00-a326-22983d10d834', NULL, '2022-11-17 11:53:14.690017', '2022-11-17 11:53:14.690017', '37e00d47-de69-4ac8-991b-cf3e39565c00', 'd796884d-a8c4-4525-81e7-54a3b6099eac'),
('29c3976d-f937-4acc-956b-0bc61011cea5', NULL, '2022-11-17 11:53:14.690017', '2022-11-17 11:53:14.690017', 'dcfee24b-306d-4609-9c24-a4021639a11b', 'd796884d-a8c4-4525-81e7-54a3b6099eac'),
('4a819c90-0861-4902-9f73-520727ac01bd', NULL, '2022-11-17 11:53:14.690017', '2022-11-17 11:53:14.690017', 'a1f25e3e-cf40-4d97-a4d5-c27ee566b8c5', 'd796884d-a8c4-4525-81e7-54a3b6099eac'),
('61dfa7c3-4b1f-43af-960e-e4a4080b37de', NULL, '2022-11-17 11:53:14.690017', '2022-11-17 11:53:14.690017', 'd389d35e-c548-42cf-9f29-2a599969a8f2', 'd796884d-a8c4-4525-81e7-54a3b6099eac'),
('35e93f5c-9a33-49cc-ac3a-d05d3cc56532', NULL, '2022-11-17 11:53:14.690017', '2022-11-17 11:53:14.690017', '498d5805-dd64-4643-902d-95067d6e5ab5', 'd796884d-a8c4-4525-81e7-54a3b6099eac'),
('2afab2e6-e955-4b6c-9231-be378196acf1', NULL, '2022-11-17 11:53:14.690017', '2022-11-17 11:53:14.690017', 'fae443f8-e8ff-4eec-b86c-98216d7662d8', 'd796884d-a8c4-4525-81e7-54a3b6099eac'),
('042425e7-a53a-4945-995b-a878014e4c29', NULL, '2022-11-17 11:53:14.690017', '2022-11-17 11:53:14.690017', 'ac318f73-0c8e-43ed-b00e-d230670dc400', 'd796884d-a8c4-4525-81e7-54a3b6099eac'),
('b8760efa-eaaf-434a-9ed3-c2bab9b013ee', NULL, '2022-11-17 11:53:14.690017', '2022-11-17 11:53:14.690017', '7fbfb59b-e00e-46b2-85cd-64f9f9942daa', 'd796884d-a8c4-4525-81e7-54a3b6099eac'),
('cddf3877-f0ff-4274-bb2e-cd55c00474b2', NULL, '2022-11-17 11:53:14.690017', '2022-11-17 11:53:14.690017', 'f7c6016b-85b5-47f7-8027-23c2db482197', 'd796884d-a8c4-4525-81e7-54a3b6099eac'),
('87917065-69aa-48f8-9afb-aa166b938d98', NULL, '2022-11-17 11:53:14.690017', '2022-11-17 11:53:14.690017', 'f6ce0d0f-5794-463b-ad0b-8240ab9c49be', 'd796884d-a8c4-4525-81e7-54a3b6099eac'),
('8a188594-09bb-490b-8c16-90220469f477', NULL, '2022-11-17 11:53:14.690017', '2022-11-17 11:53:14.690017', '061820c0-bf6c-4b4a-9753-875f75d71a2c', 'd796884d-a8c4-4525-81e7-54a3b6099eac'),
('436cd54e-7f3a-4ab7-a581-b0aad91a7807', NULL, '2022-11-17 11:53:14.690017', '2022-11-17 11:53:14.690017', 'd42a6fca-d3b8-4a48-80f7-a95772abda56', 'd796884d-a8c4-4525-81e7-54a3b6099eac'),
('e8c8619d-295b-4d55-936f-cd6406f0857f', NULL, '2022-11-17 11:53:14.690017', '2022-11-17 11:53:14.690017', 'd675dfc5-acbe-4566-acde-f7cb132c0206', 'd796884d-a8c4-4525-81e7-54a3b6099eac'),
('f7a25073-6832-4ba0-a69e-b0a9c87c61b4', NULL, '2022-11-17 11:53:14.690017', '2022-11-17 11:53:14.690017', '38a00d4a-bc45-41de-965a-adc674ab82c9', 'd796884d-a8c4-4525-81e7-54a3b6099eac');

INSERT INTO public.projects (id, deleted_at, created_at, updated_at, name, type, start_date, end_date, status, country_id, client_email, project_email) VALUES
('dfa182fc-1d2d-49f6-a877-c01da9ce4207', NULL, '2022-11-11 18:06:56.362902', '2022-11-11 18:06:56.362902', 'Lorem ipsum', 'time-material', '2022-07-06', NULL, 'active', NULL, NULL, NULL),
('8dc3be2e-19a4-4942-8a79-56db391a0b15', NULL, '2022-11-11 18:06:56.362902', '2022-11-11 18:06:56.362902', 'Fortress', 'dwarves', '2022-11-01', NULL, 'active', '4ef64490-c906-4192-a7f9-d2221dadfe4c', 'team@d.foundation', 'fortress@d.foundation');

INSERT INTO public.project_slots (id, deleted_at, created_at, updated_at, project_id, seniority_id, upsell_person_id, deployment_type, rate, discount, status) VALUES
('f32d08ca-8863-4ab3-8c84-a11849451eb7', NULL, '2022-11-11 18:19:56.156172', '2022-11-11 18:19:56.156172', '8dc3be2e-19a4-4942-8a79-56db391a0b15', 'dac16ce6-9e5a-4ff3-9ea2-fdea4853925e', NULL, 'official', 5000, 0, 'active'),
('bdc64b18-4c5f-4025-827a-f5b91d599dc7', NULL, '2022-11-11 18:19:56.156172', '2022-11-11 18:19:56.156172', '8dc3be2e-19a4-4942-8a79-56db391a0b15', 'dac16ce6-9e5a-4ff3-9ea2-fdea4853925e', NULL, 'shadow', 4000, 0, 'active'),
('1406fcce-6f90-4e0f-bea1-c373e2b2b5b1', NULL, '2022-11-11 18:19:56.156172', '2022-11-11 18:19:56.156172', '8dc3be2e-19a4-4942-8a79-56db391a0b15', 'dac16ce6-9e5a-4ff3-9ea2-fdea4853925e', NULL, 'official', 3000, 3, 'active'),
('b25bd3fa-eb6d-49d5-b278-7aacf4594f79', NULL, '2022-11-11 18:19:56.156172', '2022-11-11 18:19:56.156172', '8dc3be2e-19a4-4942-8a79-56db391a0b15', 'dac16ce6-9e5a-4ff3-9ea2-fdea4853925e', NULL, 'official', 3000, 3, 'active'),
('ce379dc0-95be-471a-9227-8e045a5630af', NULL, '2022-11-11 18:19:56.156172', '2022-11-11 18:19:56.156172', '8dc3be2e-19a4-4942-8a79-56db391a0b15', 'dac16ce6-9e5a-4ff3-9ea2-fdea4853925e', NULL, 'shadow', 4000, 0, 'active');

INSERT INTO public.project_members (id, deleted_at, created_at, updated_at, project_id, project_slot_id ,employee_id, seniority_id, start_date, end_date, rate, discount, status,deployment_type, upsell_person_id) VALUES
('cb889a9c-b20c-47ee-83b8-44b6d1721aca', NULL, '2022-11-11 18:19:56.156172', '2022-11-11 18:19:56.156172', '8dc3be2e-19a4-4942-8a79-56db391a0b15', 'f32d08ca-8863-4ab3-8c84-a11849451eb7', '2655832e-f009-4b73-a535-64c3a22e558f', 'dac16ce6-9e5a-4ff3-9ea2-fdea4853925e' ,'2022-11-01', NULL, 5000, 0, 'active', 'official', '608ea227-45a5-4c8a-af43-6c7280d96340'),
('7310b51a-3855-498b-99ab-41aa82934269', NULL, '2022-11-11 18:19:56.156172', '2022-11-11 18:19:56.156172', '8dc3be2e-19a4-4942-8a79-56db391a0b15', 'bdc64b18-4c5f-4025-827a-f5b91d599dc7', 'ecea9d15-05ba-4a4e-9787-54210e3b98ce', 'dac16ce6-9e5a-4ff3-9ea2-fdea4853925e' ,'2022-11-01', NULL, 4000, 0, 'active', 'shadow', '608ea227-45a5-4c8a-af43-6c7280d96340'),
('35149aab-0506-4eb3-9300-c706ccbf2bde', NULL, '2022-11-11 18:19:56.156172', '2022-11-11 18:19:56.156172', '8dc3be2e-19a4-4942-8a79-56db391a0b15', '1406fcce-6f90-4e0f-bea1-c373e2b2b5b1', '8d7c99c0-3253-4286-93a9-e7554cb327ef', 'dac16ce6-9e5a-4ff3-9ea2-fdea4853925e' ,'2022-11-01', NULL, 3000, 3, 'active', 'official', '608ea227-45a5-4c8a-af43-6c7280d96340'),
('5a9a07aa-e8f3-4b62-b9ad-0f057866dc6c', NULL, '2022-11-11 18:19:56.156172', '2022-11-11 18:19:56.156172', '8dc3be2e-19a4-4942-8a79-56db391a0b15', 'b25bd3fa-eb6d-49d5-b278-7aacf4594f79', 'eeae589a-94e3-49ac-a94c-fcfb084152b2', 'dac16ce6-9e5a-4ff3-9ea2-fdea4853925e' ,'2022-11-01', NULL, 3000, 3, 'active', 'official', '608ea227-45a5-4c8a-af43-6c7280d96340'),
('fcd5c16f-40fd-48b6-9649-410691373eea', NULL, '2022-11-11 18:19:56.156172', '2022-11-11 18:19:56.156172', '8dc3be2e-19a4-4942-8a79-56db391a0b15', 'ce379dc0-95be-471a-9227-8e045a5630af', '608ea227-45a5-4c8a-af43-6c7280d96340', 'dac16ce6-9e5a-4ff3-9ea2-fdea4853925e' ,'2022-11-01', NULL, 4000, 0, 'active', 'shadow', '608ea227-45a5-4c8a-af43-6c7280d96340');

INSERT INTO public.project_heads (id, deleted_at, created_at, updated_at, project_id, employee_id, start_date, end_date, commission_rate, position) VALUES
('528433a5-4001-408d-bd0c-3b032eef0a70', NULL, '2022-11-11 18:27:03.906845', '2022-11-11 18:27:03.906845', '8dc3be2e-19a4-4942-8a79-56db391a0b15', '2655832e-f009-4b73-a535-64c3a22e558f', '2022-11-01', NULL, 1, 'account-manager'),
('14d1d9f0-5f0f-49d5-8309-ac0a40de013d', NULL, '2022-11-11 18:27:03.906845', '2022-11-11 18:27:03.906845', '8dc3be2e-19a4-4942-8a79-56db391a0b15', '8d7c99c0-3253-4286-93a9-e7554cb327ef', '2022-11-11', NULL, 1, 'technical-lead'),
('e17b6bfc-79b0-4d65-ac88-559d8c597d2e', NULL, '2022-11-11 18:27:03.906845', '2022-11-11 18:27:03.906845', '8dc3be2e-19a4-4942-8a79-56db391a0b15', '608ea227-45a5-4c8a-af43-6c7280d96340', '2022-11-02', NULL, 2, 'sale-person'),
('72578fb2-921b-4c8b-b998-a4aec73da809', NULL, '2022-11-11 18:27:03.906845', '2022-11-11 18:27:03.906845', '8dc3be2e-19a4-4942-8a79-56db391a0b15', 'ecea9d15-05ba-4a4e-9787-54210e3b98ce', '2022-11-01', '2022-11-11', 2.5, 'technical-lead'),
('eca9fed2-21cf-4c75-9ab5-f6e5a13a0a75', NULL, '2022-11-11 18:27:03.906845', '2022-11-11 18:27:03.906845', '8dc3be2e-19a4-4942-8a79-56db391a0b15', '2655832e-f009-4b73-a535-64c3a22e558f', '2022-11-01', NULL, 0.5, 'delivery-manager');

INSERT INTO public.project_stacks (id, deleted_at, created_at, updated_at, project_id, stack_id) VALUES
('6b89cc06-33ca-4f48-825a-ab20da5cb287', NULL, '2022-11-11 18:39:34.923619', '2022-11-11 18:39:34.923619', '8dc3be2e-19a4-4942-8a79-56db391a0b15', '0ecf47c8-cca4-4c30-94bb-054b1124c44f'),
('da982888-1727-4c06-8e8a-86aff1f80f89', NULL, '2022-11-11 18:39:34.923619', '2022-11-11 18:39:34.923619', '8dc3be2e-19a4-4942-8a79-56db391a0b15', 'fa0f4e46-7eab-4e5c-9d31-30489e69fe2e'),
('371d797f-a639-4869-8026-67e682c6da4a', NULL, '2022-11-11 18:39:34.923619', '2022-11-11 18:39:34.923619', '8dc3be2e-19a4-4942-8a79-56db391a0b15', 'b403ef95-4269-4830-bbb6-8e56e5ec0af4');

INSERT INTO public.employee_stacks (id,deleted_at,created_at,updated_at,employee_id,stack_id) VALUES
('a9921fe8-3b77-46ad-a76d-172cb85e10a5',NULL,'2022-11-16 11:28:01.048359','2022-11-16 11:28:01.048359','ecea9d15-05ba-4a4e-9787-54210e3b98ce','0ecf47c8-cca4-4c30-94bb-054b1124c44f'),
('94de566e-9d1c-4ce7-a16a-0deaf3a45f9a',NULL,'2022-11-16 11:28:01.051869','2022-11-16 11:28:01.051869','ecea9d15-05ba-4a4e-9787-54210e3b98ce','fa0f4e46-7eab-4e5c-9d31-30489e69fe2e'),
('8eb2ffa5-68aa-4b0c-b113-e8b37297031e',NULL,'2022-11-16 11:28:01.053014','2022-11-16 11:28:01.053014','2655832e-f009-4b73-a535-64c3a22e558f','0ecf47c8-cca4-4c30-94bb-054b1124c44f'),
('e2c3d67b-47e3-4020-8684-2971b3e12b9b',NULL,'2022-11-16 11:28:01.054087','2022-11-16 11:28:01.054087','2655832e-f009-4b73-a535-64c3a22e558f','b403ef95-4269-4830-bbb6-8e56e5ec0af4'),
('c3fd413f-1a7e-4be9-939b-97745ae98715',NULL,'2022-11-16 11:28:01.059009','2022-11-16 11:28:01.059009','8d7c99c0-3253-4286-93a9-e7554cb327ef','fa0f4e46-7eab-4e5c-9d31-30489e69fe2e'),
('da9f4cb2-0230-4c28-babb-7ed7ca9d5682',NULL,'2022-11-16 11:28:01.060256','2022-11-16 11:28:01.060256','8d7c99c0-3253-4286-93a9-e7554cb327ef','b403ef95-4269-4830-bbb6-8e56e5ec0af4'),
('4c137480-98af-4dcb-a7c0-ec56cc02468b',NULL,'2022-11-16 11:28:01.06115','2022-11-16 11:28:01.06115','eeae589a-94e3-49ac-a94c-fcfb084152b2','0ecf47c8-cca4-4c30-94bb-054b1124c44f'),
('37ba3955-2917-4f09-a647-74486e56b28f',NULL,'2022-11-16 11:28:01.061939','2022-11-16 11:28:01.061939','608ea227-45a5-4c8a-af43-6c7280d96340','b403ef95-4269-4830-bbb6-8e56e5ec0af4'),
('91f87f40-708e-4a6f-bda6-0ff00c243517',NULL,'2022-11-17 12:03:49.970205','2022-11-17 12:03:49.970205','3f705527-0455-4e67-a585-6c1f23726fff','0ecf47c8-cca4-4c30-94bb-054b1124c44f'),
('b77ab8ab-79a4-4d89-94fe-bcc8d92af852',NULL,'2022-11-17 12:03:49.970205','2022-11-17 12:03:49.970205','d1b1dcbe-f4ed-49cc-a16b-56c9a3145c14','0ecf47c8-cca4-4c30-94bb-054b1124c44f'),
('e0f3378b-12a4-4417-8ee8-93f014cf322d',NULL,'2022-11-17 12:03:49.970205','2022-11-17 12:03:49.970205','7bcf4b45-0279-4da2-84e4-eec5d9d05ba3','0ecf47c8-cca4-4c30-94bb-054b1124c44f'),
('0250f55d-493f-4457-8ca5-a0033129b2ea',NULL,'2022-11-17 12:03:49.970205','2022-11-17 12:03:49.970205','37e00d47-de69-4ac8-991b-cf3e39565c00','0ecf47c8-cca4-4c30-94bb-054b1124c44f'),
('3c882e45-fbf8-4eec-a66c-d69d82cbad58',NULL,'2022-11-17 12:03:49.970205','2022-11-17 12:03:49.970205','dcfee24b-306d-4609-9c24-a4021639a11b','0ecf47c8-cca4-4c30-94bb-054b1124c44f'),
('ead295a9-be02-4075-90be-d22741f18663',NULL,'2022-11-17 12:03:49.970205','2022-11-17 12:03:49.970205','a1f25e3e-cf40-4d97-a4d5-c27ee566b8c5','0ecf47c8-cca4-4c30-94bb-054b1124c44f'),
('79b964de-e86a-4bdd-b4ce-c946a85ddf83',NULL,'2022-11-17 12:03:49.970205','2022-11-17 12:03:49.970205','d389d35e-c548-42cf-9f29-2a599969a8f2','0ecf47c8-cca4-4c30-94bb-054b1124c44f'),
('317a6519-96c5-43ed-a797-239285a2a4af',NULL,'2022-11-17 12:03:49.970205','2022-11-17 12:03:49.970205','498d5805-dd64-4643-902d-95067d6e5ab5','0ecf47c8-cca4-4c30-94bb-054b1124c44f'),
('f5b88b19-0420-472a-b2e7-280ba6a87033',NULL,'2022-11-17 12:03:49.970205','2022-11-17 12:03:49.970205','fae443f8-e8ff-4eec-b86c-98216d7662d8','0ecf47c8-cca4-4c30-94bb-054b1124c44f'),
('94cdb154-a8ba-4eb0-aab7-844dd9ac0150',NULL,'2022-11-17 12:03:49.970205','2022-11-17 12:03:49.970205','ac318f73-0c8e-43ed-b00e-d230670dc400','0ecf47c8-cca4-4c30-94bb-054b1124c44f'),
('72daab6f-8e68-4c0d-8ed7-4c6b1dc05000',NULL,'2022-11-17 12:04:01.64086','2022-11-17 12:04:01.64086','7fbfb59b-e00e-46b2-85cd-64f9f9942daa','fa0f4e46-7eab-4e5c-9d31-30489e69fe2e'),
('cda852a5-c08f-4358-99b4-416a16f3df0d',NULL,'2022-11-17 12:04:01.64086','2022-11-17 12:04:01.64086','f7c6016b-85b5-47f7-8027-23c2db482197','fa0f4e46-7eab-4e5c-9d31-30489e69fe2e'),
('ba971851-654c-4993-b385-99226fdc6c89',NULL,'2022-11-17 12:04:01.64086','2022-11-17 12:04:01.64086','f6ce0d0f-5794-463b-ad0b-8240ab9c49be','fa0f4e46-7eab-4e5c-9d31-30489e69fe2e'),
('6bcc6365-244c-41a6-8b8e-195be11cefa5',NULL,'2022-11-17 12:04:01.64086','2022-11-17 12:04:01.64086','061820c0-bf6c-4b4a-9753-875f75d71a2c','fa0f4e46-7eab-4e5c-9d31-30489e69fe2e'),
('a5150d8f-66d4-478c-a911-27034745fde5',NULL,'2022-11-17 12:04:01.64086','2022-11-17 12:04:01.64086','d42a6fca-d3b8-4a48-80f7-a95772abda56','fa0f4e46-7eab-4e5c-9d31-30489e69fe2e'),
('769ecb7f-59af-4227-af4c-ae95ebd8d7e9',NULL,'2022-11-17 12:04:01.64086','2022-11-17 12:04:01.64086','d675dfc5-acbe-4566-acde-f7cb132c0206','fa0f4e46-7eab-4e5c-9d31-30489e69fe2e'),
('492682dd-56ae-47c0-bd96-0616999cfc1e',NULL,'2022-11-17 12:04:01.64086','2022-11-17 12:04:01.64086','38a00d4a-bc45-41de-965a-adc674ab82c9','fa0f4e46-7eab-4e5c-9d31-30489e69fe2e'),
('38c5b4fa-ba27-4b7d-b37e-8227f1251bb9',NULL,'2022-11-17 12:04:47.072814','2022-11-17 12:04:47.072814','ecea9d15-05ba-4a4e-9787-54210e3b98ce','b403ef95-4269-4830-bbb6-8e56e5ec0af4'),
('f694cc53-7435-4b8e-b1eb-b67c28d90f48',NULL,'2022-11-17 12:04:47.072814','2022-11-17 12:04:47.072814','3f705527-0455-4e67-a585-6c1f23726fff','b403ef95-4269-4830-bbb6-8e56e5ec0af4'),
('da51e41c-f3d0-434a-9c5a-ccdd63050fc0',NULL,'2022-11-17 12:04:47.072814','2022-11-17 12:04:47.072814','d1b1dcbe-f4ed-49cc-a16b-56c9a3145c14','b403ef95-4269-4830-bbb6-8e56e5ec0af4'),
('b807dd00-1e8d-4bf3-b36a-06448ce951d3',NULL,'2022-11-17 12:04:47.072814','2022-11-17 12:04:47.072814','7bcf4b45-0279-4da2-84e4-eec5d9d05ba3','b403ef95-4269-4830-bbb6-8e56e5ec0af4'),
('3547a33b-987c-4b11-be28-922748c91fe1',NULL,'2022-11-17 12:04:47.072814','2022-11-17 12:04:47.072814','37e00d47-de69-4ac8-991b-cf3e39565c00','b403ef95-4269-4830-bbb6-8e56e5ec0af4'),
('eba10181-828f-4af4-8fc4-a974c286fd3c',NULL,'2022-11-17 12:04:47.072814','2022-11-17 12:04:47.072814','dcfee24b-306d-4609-9c24-a4021639a11b','b403ef95-4269-4830-bbb6-8e56e5ec0af4'),
('ed8ab5bf-db10-4e1a-99f4-c8a9709e3d74',NULL,'2022-11-17 12:04:47.072814','2022-11-17 12:04:47.072814','a1f25e3e-cf40-4d97-a4d5-c27ee566b8c5','b403ef95-4269-4830-bbb6-8e56e5ec0af4'),
('5907d70e-3fbb-4d83-a385-2959cc07a946',NULL,'2022-11-17 12:04:47.072814','2022-11-17 12:04:47.072814','d389d35e-c548-42cf-9f29-2a599969a8f2','b403ef95-4269-4830-bbb6-8e56e5ec0af4'),
('ab44eab9-b8e7-4ff6-bbc6-cef201c1c9dc',NULL,'2022-11-17 12:04:47.072814','2022-11-17 12:04:47.072814','498d5805-dd64-4643-902d-95067d6e5ab5','b403ef95-4269-4830-bbb6-8e56e5ec0af4');

INSERT INTO public.employee_positions (id, deleted_at, created_at, updated_at, employee_id, position_id) VALUES
('e61bf924-1eff-426f-8f71-ab49446134fb',NULL,'2022-11-16 02:45:17.982659','2022-11-16 02:45:17.982659','2655832e-f009-4b73-a535-64c3a22e558f','11ccffea-2cc9-4e98-9bef-3464dfe4dec8'),
('d7b49b9e-4b51-4e3a-a7be-b94143215f7a',NULL,'2022-11-16 02:45:17.995921','2022-11-16 02:45:17.995921','2655832e-f009-4b73-a535-64c3a22e558f','d796884d-a8c4-4525-81e7-54a3b6099eac'),
('4bb1ea40-c002-4fd9-8f60-82b3aa9459d7',NULL,'2022-11-16 02:45:17.997153','2022-11-16 02:45:17.997153','ecea9d15-05ba-4a4e-9787-54210e3b98ce','dac16ce6-9e5a-4ff3-9ea2-fdea4853925e'),
('8fb91cd7-f461-49fb-8b7b-9ef9b524789d',NULL,'2022-11-16 02:45:17.998377','2022-11-16 02:45:17.998377','ecea9d15-05ba-4a4e-9787-54210e3b98ce','01fb6322-d727-47e3-a242-5039ea4732fc'),
('3e381f98-8303-4274-ba85-dd3d91b03178',NULL,'2022-11-17 17:36:17.856267','2022-11-17 17:36:17.856267','ecea9d15-05ba-4a4e-9787-54210e3b98ce','11ccffea-2cc9-4e98-9bef-3464dfe4dec8'),
('f5b780db-0ac9-4518-9856-ed4d655c4080',NULL,'2022-11-17 17:36:17.856267','2022-11-17 17:36:17.856267','8d7c99c0-3253-4286-93a9-e7554cb327ef','11ccffea-2cc9-4e98-9bef-3464dfe4dec8'),
('60317315-4e43-4876-9763-ac11358fe3be',NULL,'2022-11-17 17:36:17.856267','2022-11-17 17:36:17.856267','eeae589a-94e3-49ac-a94c-fcfb084152b2','11ccffea-2cc9-4e98-9bef-3464dfe4dec8'),
('afa89e38-6f39-4317-83de-2eb7fc6b1a4b',NULL,'2022-11-17 17:36:17.856267','2022-11-17 17:36:17.856267','608ea227-45a5-4c8a-af43-6c7280d96340','11ccffea-2cc9-4e98-9bef-3464dfe4dec8'),
('204f81e3-f504-4590-bbac-d18a0367a300',NULL,'2022-11-17 17:36:17.856267','2022-11-17 17:36:17.856267','3f705527-0455-4e67-a585-6c1f23726fff','11ccffea-2cc9-4e98-9bef-3464dfe4dec8'),
('7f56677b-ce3a-4eb7-821a-7e76e8d8c1c3',NULL,'2022-11-17 17:36:30.869365','2022-11-17 17:36:30.869365','ecea9d15-05ba-4a4e-9787-54210e3b98ce','d796884d-a8c4-4525-81e7-54a3b6099eac'),
('b664cc94-e919-44ca-9486-0779f4f485a2',NULL,'2022-11-17 17:36:30.869365','2022-11-17 17:36:30.869365','8d7c99c0-3253-4286-93a9-e7554cb327ef','d796884d-a8c4-4525-81e7-54a3b6099eac'),
('efe6202f-83e5-4c6a-b33c-2633269bb6d0',NULL,'2022-11-17 17:36:30.869365','2022-11-17 17:36:30.869365','eeae589a-94e3-49ac-a94c-fcfb084152b2','d796884d-a8c4-4525-81e7-54a3b6099eac'),
('8480b031-0981-43ee-ae9b-7a553b0decae',NULL,'2022-11-17 17:36:30.869365','2022-11-17 17:36:30.869365','608ea227-45a5-4c8a-af43-6c7280d96340','d796884d-a8c4-4525-81e7-54a3b6099eac'),
('9398494e-1d50-4cec-9b30-c5245d2e89d1',NULL,'2022-11-17 17:36:30.869365','2022-11-17 17:36:30.869365','3f705527-0455-4e67-a585-6c1f23726fff','d796884d-a8c4-4525-81e7-54a3b6099eac'),
('9742e6c2-03ca-4956-b93e-31dc5e829bc3',NULL,'2022-11-17 17:36:44.72235','2022-11-17 17:36:44.72235','2655832e-f009-4b73-a535-64c3a22e558f','dac16ce6-9e5a-4ff3-9ea2-fdea4853925e'),
('2528efdb-dab7-4a8b-840c-2512222a77a4',NULL,'2022-11-17 17:36:44.72235','2022-11-17 17:36:44.72235','8d7c99c0-3253-4286-93a9-e7554cb327ef','dac16ce6-9e5a-4ff3-9ea2-fdea4853925e'),
('efbf9aea-c855-40b0-8585-60430320c2a9',NULL,'2022-11-17 17:36:44.72235','2022-11-17 17:36:44.72235','eeae589a-94e3-49ac-a94c-fcfb084152b2','dac16ce6-9e5a-4ff3-9ea2-fdea4853925e'),
('6c81fd09-671a-4954-a552-cbedacc2a57f',NULL,'2022-11-17 17:36:44.72235','2022-11-17 17:36:44.72235','608ea227-45a5-4c8a-af43-6c7280d96340','dac16ce6-9e5a-4ff3-9ea2-fdea4853925e'),
('d41e060c-cc12-42a6-93ae-1ea0ca93e581',NULL,'2022-11-17 17:36:44.72235','2022-11-17 17:36:44.72235','3f705527-0455-4e67-a585-6c1f23726fff','dac16ce6-9e5a-4ff3-9ea2-fdea4853925e'),
('c8e4b92c-7800-4fc7-b4f7-38b2916a84fa',NULL,'2022-11-17 17:36:55.66746','2022-11-17 17:36:55.66746','d1b1dcbe-f4ed-49cc-a16b-56c9a3145c14','dac16ce6-9e5a-4ff3-9ea2-fdea4853925e'),
('600cf853-10bc-4e31-a570-53441c10df4c',NULL,'2022-11-17 17:36:55.66746','2022-11-17 17:36:55.66746','7bcf4b45-0279-4da2-84e4-eec5d9d05ba3','dac16ce6-9e5a-4ff3-9ea2-fdea4853925e'),
('06a32e7f-adf7-4b54-82e3-bde16ea42f45',NULL,'2022-11-17 17:36:55.66746','2022-11-17 17:36:55.66746','37e00d47-de69-4ac8-991b-cf3e39565c00','dac16ce6-9e5a-4ff3-9ea2-fdea4853925e'),
('f14c40d8-3b0b-4dc0-a7cf-4113c261a753',NULL,'2022-11-17 17:36:55.66746','2022-11-17 17:36:55.66746','dcfee24b-306d-4609-9c24-a4021639a11b','dac16ce6-9e5a-4ff3-9ea2-fdea4853925e'),
('6fed5faf-4469-4000-9460-0309b66e12bb',NULL,'2022-11-17 17:36:55.66746','2022-11-17 17:36:55.66746','a1f25e3e-cf40-4d97-a4d5-c27ee566b8c5','dac16ce6-9e5a-4ff3-9ea2-fdea4853925e'),
('3ae11671-c1ba-4fcd-bcca-39fa5acf743c',NULL,'2022-11-17 17:36:57.353623','2022-11-17 17:36:57.353623','d389d35e-c548-42cf-9f29-2a599969a8f2','dac16ce6-9e5a-4ff3-9ea2-fdea4853925e'),
('039ac595-6be8-4e89-bb9b-d98b37b91477',NULL,'2022-11-17 17:36:57.353623','2022-11-17 17:36:57.353623','498d5805-dd64-4643-902d-95067d6e5ab5','dac16ce6-9e5a-4ff3-9ea2-fdea4853925e'),
('63cbf470-4ed3-464f-bbc1-42da8b83f497',NULL,'2022-11-17 17:36:57.353623','2022-11-17 17:36:57.353623','fae443f8-e8ff-4eec-b86c-98216d7662d8','dac16ce6-9e5a-4ff3-9ea2-fdea4853925e'),
('ce54e86f-e49d-488a-86f8-80b85709d91d',NULL,'2022-11-17 17:36:57.353623','2022-11-17 17:36:57.353623','ac318f73-0c8e-43ed-b00e-d230670dc400','dac16ce6-9e5a-4ff3-9ea2-fdea4853925e'),
('c47438ca-86b2-4026-997c-a40a57ed3d7f',NULL,'2022-11-17 17:36:57.353623','2022-11-17 17:36:57.353623','7fbfb59b-e00e-46b2-85cd-64f9f9942daa','dac16ce6-9e5a-4ff3-9ea2-fdea4853925e'),
('def814fb-ff7c-4663-bb99-a359c3c0b24e',NULL,'2022-11-17 17:37:04.691623','2022-11-17 17:37:04.691623','2655832e-f009-4b73-a535-64c3a22e558f','01fb6322-d727-47e3-a242-5039ea4732fc'),
('e73928ba-cd5a-4edd-8ea7-18859d6dd1c9',NULL,'2022-11-17 17:37:04.691623','2022-11-17 17:37:04.691623','8d7c99c0-3253-4286-93a9-e7554cb327ef','01fb6322-d727-47e3-a242-5039ea4732fc'),
('17512e68-dafe-481c-aedc-f7f9ec0b3294',NULL,'2022-11-17 17:37:04.691623','2022-11-17 17:37:04.691623','eeae589a-94e3-49ac-a94c-fcfb084152b2','01fb6322-d727-47e3-a242-5039ea4732fc'),
('008619ad-89cd-4da3-841c-c0eb7f890d9f',NULL,'2022-11-17 17:37:04.691623','2022-11-17 17:37:04.691623','608ea227-45a5-4c8a-af43-6c7280d96340','01fb6322-d727-47e3-a242-5039ea4732fc'),
('cfc6049e-6195-4199-8b89-3280558e03f2',NULL,'2022-11-17 17:37:04.691623','2022-11-17 17:37:04.691623','3f705527-0455-4e67-a585-6c1f23726fff','01fb6322-d727-47e3-a242-5039ea4732fc');

INSERT INTO public.project_slot_positions (id,deleted_at,created_at,updated_at,project_slot_id,position_id) VALUES
('44cb1c10-1a39-4c92-bb85-532b7456b456',NULL,'2022-11-18 01:11:32.830016','2022-11-18 01:11:32.830016','f32d08ca-8863-4ab3-8c84-a11849451eb7','11ccffea-2cc9-4e98-9bef-3464dfe4dec8'),
('28afce2a-e01b-4230-8977-429a3d04e47b',NULL,'2022-11-18 01:11:41.429707','2022-11-18 01:11:41.429707','bdc64b18-4c5f-4025-827a-f5b91d599dc7','d796884d-a8c4-4525-81e7-54a3b6099eac'),
('7fc83d8e-ce33-470e-9ef7-c8249c20b2ed',NULL,'2022-11-18 01:11:42.646576','2022-11-18 01:11:42.646576','1406fcce-6f90-4e0f-bea1-c373e2b2b5b1','d796884d-a8c4-4525-81e7-54a3b6099eac'),
('f2de0d25-8f8b-433d-af8c-2a2df454b2e7',NULL,'2022-11-18 01:11:52.215061','2022-11-18 01:11:52.215061','b25bd3fa-eb6d-49d5-b278-7aacf4594f79','dac16ce6-9e5a-4ff3-9ea2-fdea4853925e'),
('e043f0cf-4a25-40c3-a6ee-e68029387dd0',NULL,'2022-11-18 01:12:05.162737','2022-11-18 01:12:05.162737','ce379dc0-95be-471a-9227-8e045a5630af','11ccffea-2cc9-4e98-9bef-3464dfe4dec8');

INSERT INTO public.project_member_positions (id,deleted_at,created_at,updated_at,project_member_id,position_id) VALUES
('df34612a-df98-4618-8e29-c56916347302',NULL,'2022-11-18 01:14:36.711168','2022-11-18 01:14:36.711168','cb889a9c-b20c-47ee-83b8-44b6d1721aca','11ccffea-2cc9-4e98-9bef-3464dfe4dec8'),
('fe6dba87-98b3-466a-86f1-2c98b62b83e1',NULL,'2022-11-18 01:14:37.611091','2022-11-18 01:14:37.611091','7310b51a-3855-498b-99ab-41aa82934269','11ccffea-2cc9-4e98-9bef-3464dfe4dec8'),
('34aada0f-69ec-420e-a4e6-2db8d9c6d8e9',NULL,'2022-11-18 01:14:38.042046','2022-11-18 01:14:38.042046','35149aab-0506-4eb3-9300-c706ccbf2bde','11ccffea-2cc9-4e98-9bef-3464dfe4dec8'),
('3a35f08a-5af8-4145-bbb9-3eea86ee7783',NULL,'2022-11-18 01:14:47.124502','2022-11-18 01:14:47.124502','5a9a07aa-e8f3-4b62-b9ad-0f057866dc6c','d796884d-a8c4-4525-81e7-54a3b6099eac'),
('913e5ecb-0053-4ff3-aa23-64dd96f216a6',NULL,'2022-11-18 01:14:47.556013','2022-11-18 01:14:47.556013','fcd5c16f-40fd-48b6-9649-410691373eea','d796884d-a8c4-4525-81e7-54a3b6099eac');

INSERT INTO public.work_units (id, deleted_at, created_at, updated_at, name, status, type, source_url, project_id, source_metadata) VALUES 
('4797347d-21e0-4dac-a6c7-c98bf2d6b27c', NULL, '2022-11-29 08:03:33.233262', '2022-11-29 08:03:33.233262', 'Fortress API', 'active', 'development', 'https://github.com/dwarvesf/fortress-api', '8dc3be2e-19a4-4942-8a79-56db391a0b15', '[]'),
('69b32f7e-0433-4566-a801-72909172940e', NULL, '2022-11-29 08:03:33.233262', '2022-11-29 08:03:33.233262', 'Fortress Web', 'archived', 'management', 'https://github.com/dwarvesf/fortress-web', 'dfa182fc-1d2d-49f6-a877-c01da9ce4207', '[]');

INSERT INTO public.work_unit_stacks (id, deleted_at, created_at, updated_at, stack_id, work_unit_id) VALUES 
('95851b98-c8d0-46f6-b6b0-8dd2037f44d6', NULL, '2022-11-29 08:03:33.233262', '2022-11-29 08:03:33.233262', '0ecf47c8-cca4-4c30-94bb-054b1124c44f', '4797347d-21e0-4dac-a6c7-c98bf2d6b27c'),
('f1ddeeb2-ad44-4c97-a934-86ad8f24ca57', NULL, '2022-11-29 08:03:33.233262', '2022-11-29 08:03:33.233262', 'fa0f4e46-7eab-4e5c-9d31-30489e69fe2e', '4797347d-21e0-4dac-a6c7-c98bf2d6b27c'),
('9b7c9d01-75a3-4386-93a7-4ff099887847', NULL, '2022-11-29 08:03:33.233262', '2022-11-29 08:03:33.233262', 'b403ef95-4269-4830-bbb6-8e56e5ec0af4', '69b32f7e-0433-4566-a801-72909172940e'),
('b851f3bc-a758-4e28-834b-0d2c0a04bf71', NULL, '2022-11-29 08:03:33.233262', '2022-11-29 08:03:33.233262', 'fa0f4e46-7eab-4e5c-9d31-30489e69fe2e', '69b32f7e-0433-4566-a801-72909172940e');

INSERT INTO public.work_unit_members (id, deleted_at, created_at, updated_at, start_date, end_date, status, project_id, employee_id, work_unit_id) VALUES 
('303fd2e5-0b4d-401c-b5fa-74820991e6c0', NULL, '2022-11-29 08:03:33.233262', '2022-11-29 08:03:33.233262', '2022-11-29', NULL, 'active', '8dc3be2e-19a4-4942-8a79-56db391a0b15', '2655832e-f009-4b73-a535-64c3a22e558f', '4797347d-21e0-4dac-a6c7-c98bf2d6b27c'),
('f79ae054-4ab4-41cd-aa5f-c871887cc35c', NULL, '2022-11-29 08:03:33.233262', '2022-11-29 08:03:33.233262', '2022-11-29', NULL, 'active', '8dc3be2e-19a4-4942-8a79-56db391a0b15', 'ecea9d15-05ba-4a4e-9787-54210e3b98ce', '69b32f7e-0433-4566-a801-72909172940e'),
('7e4da4ac-241f-4af8-b0a0-f59e5a64065b', NULL, '2022-11-29 08:03:33.233262', '2022-11-29 08:03:33.233262', '2022-11-29', NULL, 'active', '8dc3be2e-19a4-4942-8a79-56db391a0b15', '8d7c99c0-3253-4286-93a9-e7554cb327ef', '69b32f7e-0433-4566-a801-72909172940e'),
('93954bcd-d5e9-4c4c-ad30-7de5fd332a80', NULL, '2022-11-29 08:03:33.233262', '2022-11-29 08:03:33.233262', '2022-11-29', NULL, 'inactive', '8dc3be2e-19a4-4942-8a79-56db391a0b15', 'eeae589a-94e3-49ac-a94c-fcfb084152b2', '69b32f7e-0433-4566-a801-72909172940e'),
('e14f68f8-7ed5-4a59-9df8-275573537861', NULL, '2022-11-29 08:03:33.233262', '2022-11-29 08:03:33.233262', '2022-11-29', NULL, 'inactive', '8dc3be2e-19a4-4942-8a79-56db391a0b15', '608ea227-45a5-4c8a-af43-6c7280d96340', '4797347d-21e0-4dac-a6c7-c98bf2d6b27c'),
('799708d7-855b-4a42-b169-7c9891f0b218', NULL, '2022-11-29 08:03:33.233262', '2022-11-29 08:03:33.233262', '2022-11-29', NULL, 'inactive', '8dc3be2e-19a4-4942-8a79-56db391a0b15', 'ecea9d15-05ba-4a4e-9787-54210e3b98ce', '4797347d-21e0-4dac-a6c7-c98bf2d6b27c');

INSERT INTO public.feedback_events (id, deleted_at, created_at, updated_at, title, type, subtype, status, created_by, start_date, end_date) VALUES 
('9b3480be-86a2-4ff9-84d8-545a4146122b', NULL, '2022-11-29 08:03:33.233262', '2022-11-29 08:03:33.233262', 'Should be quicker in code review', 'feedback', 'comment', 'in-progress', '2655832e-f009-4b73-a535-64c3a22e558f', NULL, NULL),
('8a5bfedb-6e11-4f5c-82d9-2635cfcce3e2', NULL, '2022-11-29 08:03:33.233262', '2022-11-29 08:03:33.233262', 'Q3/Q4, 2022', 'survey', 'peer-review', 'in-progress', '2655832e-f009-4b73-a535-64c3a22e558f', '2022-11-29 08:03:33.233262', '2023-05-29 08:03:33.233262'),
('d97ee823-f7d5-418b-b281-711cb1d8e947', NULL, '2022-11-29 08:03:33.233262', '2022-11-29 08:03:33.233262', '[SP Group] [week#12 2022] How was your week?', 'survey', 'work', 'in-progress', '2655832e-f009-4b73-a535-64c3a22e558f', NULL, NULL),
('53546ea4-1d9d-4216-96b2-75f84ec6d750', NULL, '2022-11-29 08:03:33.233262', '2022-11-29 08:03:33.233262', 'Q1 2022', 'survey', 'engagement', 'in-progress', 'ecea9d15-05ba-4a4e-9787-54210e3b98ce', NULL, NULL),
('163fdda2-2dce-4618-9849-7c8475dcc9c1', NULL, '2022-11-29 08:03:33.233262', '2022-11-29 08:03:33.233262', 'Setel on-call support', 'feedback', 'appreciation', 'in-progress', 'ecea9d15-05ba-4a4e-9787-54210e3b98ce', NULL, NULL);

INSERT INTO public.employee_event_topics (id, deleted_at, created_at, updated_at, title, event_id, employee_id, project_id) VALUES
('e4a33adc-2495-43cf-b816-32feb8d5250d', NULL, '2022-11-29 08:03:33.233262', '2022-11-29 08:03:33.233262', 'Review Thuong Phung', '8a5bfedb-6e11-4f5c-82d9-2635cfcce3e2', '37e00d47-de69-4ac8-991b-cf3e39565c00', NULL),
('9cf93fc1-5a38-4e2a-87de-41634b65fc87', NULL, '2022-11-29 08:03:33.233262', '2022-11-29 08:03:33.233262', 'Self review Fortress by Thanh', 'd97ee823-f7d5-418b-b281-711cb1d8e947', '2655832e-f009-4b73-a535-64c3a22e558f', '8dc3be2e-19a4-4942-8a79-56db391a0b15'),
('11121775-118f-4896-8246-d88023b22c7a', NULL, '2022-11-29 08:03:33.233262', '2022-11-29 08:03:33.233262', 'Engagement Review by Huy', '53546ea4-1d9d-4216-96b2-75f84ec6d750', 'ecea9d15-05ba-4a4e-9787-54210e3b98ce', NULL),
('a3b2cd0b-b327-4118-83f2-29350e678379', NULL, '2022-11-29 08:03:33.233262', '2022-11-29 08:03:33.233262', 'Huy want to give Nguyen shoutout', '163fdda2-2dce-4618-9849-7c8475dcc9c1', '38a00d4a-bc45-41de-965a-adc674ab82c9', NULL);

INSERT INTO public.employee_event_reviewers (id, deleted_at, created_at, updated_at, employee_event_topic_id, reviewer_id, author_status, reviewer_status, relationship, is_shared, is_read, event_id) VALUES
('e96999f5-b3f9-420c-9d9f-aa64e3e889bf', NULL, '2022-12-05 16:26:15.411511', '2022-12-05 16:26:15.411511', 'e4a33adc-2495-43cf-b816-32feb8d5250d', 'ecea9d15-05ba-4a4e-9787-54210e3b98ce', 'sent','draft', 'line-manager', false, false, '8a5bfedb-6e11-4f5c-82d9-2635cfcce3e2'),
('41f6a7fb-baa2-4e61-8035-e36d752dc611', NULL, '2022-12-05 16:26:15.411511', '2022-12-05 16:26:15.411511', '11121775-118f-4896-8246-d88023b22c7a', 'ecea9d15-05ba-4a4e-9787-54210e3b98ce', 'sent','draft', 'self', true, true, '53546ea4-1d9d-4216-96b2-75f84ec6d750'),
('789f1163-f157-4df3-9764-8100277cacba', NULL, '2022-12-05 16:26:15.411511', '2022-12-05 16:26:15.411511', '9cf93fc1-5a38-4e2a-87de-41634b65fc87', '2655832e-f009-4b73-a535-64c3a22e558f', 'sent','draft', 'self', false, false, 'd97ee823-f7d5-418b-b281-711cb1d8e947'),
('bc9a5715-9723-4a2f-ad42-0d0f19a80b4d', NULL, '2022-12-05 16:26:15.411511', '2022-12-05 16:26:15.411511', 'e4a33adc-2495-43cf-b816-32feb8d5250d', '2655832e-f009-4b73-a535-64c3a22e558f', 'sent','draft', 'peer', false, false, '8a5bfedb-6e11-4f5c-82d9-2635cfcce3e2'),
('c994db17-384a-4331-8944-b8ac0070ac3f', NULL, '2022-12-05 16:26:15.411511', '2022-12-05 16:26:15.411511', 'e4a33adc-2495-43cf-b816-32feb8d5250d', 'd389d35e-c548-42cf-9f29-2a599969a8f2', 'sent','draft', 'peer', false, false, '8a5bfedb-6e11-4f5c-82d9-2635cfcce3e2'),
('1a5eebbb-f3f7-40a7-9c95-2240df3aecef', NULL, '2022-12-05 16:26:15.411511', '2022-12-05 16:26:15.411511', 'a3b2cd0b-b327-4118-83f2-29350e678379', 'ecea9d15-05ba-4a4e-9787-54210e3b98ce', 'sent','draft', 'peer', false, false, '163fdda2-2dce-4618-9849-7c8475dcc9c1'),
('a7f4bcc2-1953-4b86-8aff-8a96f741feca', NULL, '2022-12-05 16:26:15.411511', '2022-12-05 16:26:15.411511', 'e4a33adc-2495-43cf-b816-32feb8d5250d', 'f7c6016b-85b5-47f7-8027-23c2db482197', 'sent','draft', 'peer', false, false, '8a5bfedb-6e11-4f5c-82d9-2635cfcce3e2'),
('16e87fe4-aff8-4c00-9cda-0b0efea94ad1', NULL, '2022-12-05 16:26:15.411511', '2022-12-05 16:26:15.411511', 'e4a33adc-2495-43cf-b816-32feb8d5250d', 'd42a6fca-d3b8-4a48-80f7-a95772abda56', 'sent','draft', 'peer', false, false, '8a5bfedb-6e11-4f5c-82d9-2635cfcce3e2'),
('cf850c59-24a2-45c5-98dc-bdf1818d36bd', NULL, '2022-12-05 16:26:15.411511', '2022-12-05 16:26:15.411511', 'e4a33adc-2495-43cf-b816-32feb8d5250d', 'dcfee24b-306d-4609-9c24-a4021639a11b', 'sent','draft', 'peer', false, false, '8a5bfedb-6e11-4f5c-82d9-2635cfcce3e2'),
('f754ae24-8a82-4a8b-b93f-90bb38afa4d2', NULL, '2022-12-05 16:26:15.411511', '2022-12-05 16:26:15.411511', 'e4a33adc-2495-43cf-b816-32feb8d5250d', '38a00d4a-bc45-41de-965a-adc674ab82c9', 'sent','draft', 'peer', false, false, '8a5bfedb-6e11-4f5c-82d9-2635cfcce3e2'),
('61a668bf-ba36-48e3-adc8-ce93c8aec29b', NULL, '2022-12-05 16:26:15.411511', '2022-12-05 16:26:15.411511', 'e4a33adc-2495-43cf-b816-32feb8d5250d', '608ea227-45a5-4c8a-af43-6c7280d96340', 'sent','draft', 'peer', false, false, '8a5bfedb-6e11-4f5c-82d9-2635cfcce3e2'),
('c4b2c917-1912-40ee-8de2-e2dc1302a610', NULL, '2022-12-05 16:26:15.411511', '2022-12-05 16:26:15.411511', 'e4a33adc-2495-43cf-b816-32feb8d5250d', '3f705527-0455-4e67-a585-6c1f23726fff', 'sent','draft', 'peer', false, false, '8a5bfedb-6e11-4f5c-82d9-2635cfcce3e2'),
('77f64b43-93ed-48db-b20b-a3b2f030388f', NULL, '2022-12-05 16:26:15.411511', '2022-12-05 16:26:15.411511', 'e4a33adc-2495-43cf-b816-32feb8d5250d', 'fae443f8-e8ff-4eec-b86c-98216d7662d8', 'sent','draft', 'peer', false, false, '8a5bfedb-6e11-4f5c-82d9-2635cfcce3e2'),
('4f5ac428-9c23-4c5c-828f-bd9c77e5b565', NULL, '2022-12-05 16:26:15.411511', '2022-12-05 16:26:15.411511', 'e4a33adc-2495-43cf-b816-32feb8d5250d', 'ac318f73-0c8e-43ed-b00e-d230670dc400', 'sent','draft', 'peer', false, false, '8a5bfedb-6e11-4f5c-82d9-2635cfcce3e2'),
('4d9b9f10-faee-42d6-ace3-99d0e96a0be8', NULL, '2022-12-05 16:26:15.411511', '2022-12-05 16:26:15.411511', 'e4a33adc-2495-43cf-b816-32feb8d5250d', 'a1f25e3e-cf40-4d97-a4d5-c27ee566b8c5', 'sent','draft', 'peer', false, false, '8a5bfedb-6e11-4f5c-82d9-2635cfcce3e2'),
('6a7a936f-9ac8-4629-be67-0cf4c14f910d', NULL, '2022-12-05 16:26:15.411511', '2022-12-05 16:26:15.411511', 'e4a33adc-2495-43cf-b816-32feb8d5250d', '498d5805-dd64-4643-902d-95067d6e5ab5', 'sent','draft', 'peer', false, false, '8a5bfedb-6e11-4f5c-82d9-2635cfcce3e2'),
('00e6a708-287c-4fc6-ae8d-83fed9d42633', NULL, '2022-12-05 16:26:15.411511', '2022-12-05 16:26:15.411511', 'e4a33adc-2495-43cf-b816-32feb8d5250d', 'f6ce0d0f-5794-463b-ad0b-8240ab9c49be', 'sent','draft', 'peer', false, false, '8a5bfedb-6e11-4f5c-82d9-2635cfcce3e2'),
('68867dea-f8af-47e0-9bd7-620c0404f707', NULL, '2022-12-05 16:26:15.411511', '2022-12-05 16:26:15.411511', 'e4a33adc-2495-43cf-b816-32feb8d5250d', '061820c0-bf6c-4b4a-9753-875f75d71a2c', 'draft','none', 'peer', false, false, '8a5bfedb-6e11-4f5c-82d9-2635cfcce3e2'),
('eae233c5-4930-4185-bfc7-7852f7b29fd0', NULL, '2022-12-05 16:26:15.411511', '2022-12-05 16:26:15.411511', 'e4a33adc-2495-43cf-b816-32feb8d5250d', 'd675dfc5-acbe-4566-acde-f7cb132c0206', 'sent','draft', 'peer', false, false, '8a5bfedb-6e11-4f5c-82d9-2635cfcce3e2'),
('4eecf200-4cd2-4df5-ae61-d4184613c0b2', NULL, '2022-12-05 16:26:15.411511', '2022-12-05 16:26:15.411511', 'e4a33adc-2495-43cf-b816-32feb8d5250d', '8d7c99c0-3253-4286-93a9-e7554cb327ef', 'sent','done', 'peer', false, false, '8a5bfedb-6e11-4f5c-82d9-2635cfcce3e2'),
('fcdb0411-c790-4925-88ce-6b75c87d4648', NULL, '2022-12-05 16:26:15.411511', '2022-12-05 16:26:15.411511', 'e4a33adc-2495-43cf-b816-32feb8d5250d', 'eeae589a-94e3-49ac-a94c-fcfb084152b2', 'sent','done', 'peer', false, false, '8a5bfedb-6e11-4f5c-82d9-2635cfcce3e2'),
('922e6243-c1e7-4055-9fe6-148ea39cfc8d', NULL, '2022-12-05 16:26:15.411511', '2022-12-05 16:26:15.411511', 'e4a33adc-2495-43cf-b816-32feb8d5250d', 'd1b1dcbe-f4ed-49cc-a16b-56c9a3145c14', 'sent','done', 'peer', false, false, '8a5bfedb-6e11-4f5c-82d9-2635cfcce3e2'),
('359a2804-40a8-4a6d-86fb-c0247f66c281', NULL, '2022-12-05 16:26:15.411511', '2022-12-05 16:26:15.411511', 'e4a33adc-2495-43cf-b816-32feb8d5250d', '7bcf4b45-0279-4da2-84e4-eec5d9d05ba3', 'sent','done', 'peer', false, false, '8a5bfedb-6e11-4f5c-82d9-2635cfcce3e2'),
('d896ce40-dd8c-48be-951e-7691aa27a734', NULL, '2022-12-05 16:26:15.411511', '2022-12-05 16:26:15.411511', 'e4a33adc-2495-43cf-b816-32feb8d5250d', '7fbfb59b-e00e-46b2-85cd-64f9f9942daa', 'sent','done', 'peer', false, false, '8a5bfedb-6e11-4f5c-82d9-2635cfcce3e2');

INSERT INTO public.employee_event_questions (id, deleted_at, created_at, updated_at, employee_event_reviewer_id, "content", answer, note, question_id, "order", "type", event_id) VALUES
('6ce1243c-1ce4-4802-bb9e-1957e8dfffa6', NULL, '2022-12-05 16:33:28.085352', '2022-12-05 16:33:28.085352', 'e96999f5-b3f9-420c-9d9f-aa64e3e889bf', 'Does this employee effectively communicate with others?', 'good', 'nothing', 'da5dbdd5-8e1e-4ae7-8bb8-ab007f2580aa', 1, 'general', '8a5bfedb-6e11-4f5c-82d9-2635cfcce3e2'),
('7bc42e23-f164-49c2-b3f3-035fdcba87c4', NULL, '2022-12-05 16:33:28.085352', '2022-12-05 16:33:28.085352', 'e96999f5-b3f9-420c-9d9f-aa64e3e889bf', 'How effective of a leader is this person, either through direct management or influence?', 'good', 'nothing', '7d95e035-81d6-49d7-bed4-3a83bf2e34d6', 2, 'general', '8a5bfedb-6e11-4f5c-82d9-2635cfcce3e2'),
('5dfcf1df-2218-4d13-8127-ea198bff1e60', NULL, '2022-12-05 16:33:28.085352', '2022-12-05 16:33:28.085352', 'e96999f5-b3f9-420c-9d9f-aa64e3e889bf', 'Does this person find creative solutions, and own the solution to problems? Are they proactive or reactive?', 'good', 'nothing', 'd36e84c5-d7a4-4d5f-ada1-f6b9ddb58f51', 3, 'general', '8a5bfedb-6e11-4f5c-82d9-2635cfcce3e2'),
('eeb01ccc-83de-427c-8ab4-afdd59ff19b6', NULL, '2022-12-05 16:33:28.085352', '2022-12-05 16:33:28.085352', 'e96999f5-b3f9-420c-9d9f-aa64e3e889bf', 'How would you rate the quality of the employee''s work?', 'good', 'nothing', 'f03432ba-c024-467e-8059-a5bb2b7f783d', 4, 'general', '8a5bfedb-6e11-4f5c-82d9-2635cfcce3e2'),
('535bf94e-49b3-4112-851a-69ccae9ffe37', NULL, '2022-12-05 16:33:28.085352', '2022-12-05 16:33:28.085352', 'e96999f5-b3f9-420c-9d9f-aa64e3e889bf', 'How well does this person set and meet deadlines?', 'good', 'nothing', 'd2bb48c1-e8d6-4946-a372-8499907b7328', 5, 'general', '8a5bfedb-6e11-4f5c-82d9-2635cfcce3e2'),
('7741d1eb-b55b-4f4f-b048-1a6d53bff994', NULL, '2022-12-05 16:33:28.085352', '2022-12-05 16:33:28.085352', 'e96999f5-b3f9-420c-9d9f-aa64e3e889bf', 'How well does this person embody our culture?', 'good', 'nothing', 'be86ce52-803b-403f-b059-1a69492fe3d4', 6, 'general', '8a5bfedb-6e11-4f5c-82d9-2635cfcce3e2'),
('597ba671-5d96-4668-951d-e673749f2a40', NULL, '2022-12-05 16:33:28.085352', '2022-12-05 16:33:28.085352', 'e96999f5-b3f9-420c-9d9f-aa64e3e889bf', 'If you could give this person one piece of constructive advice to make them more effective in their role, what would you say?', 'good', 'nothing', '51eab8c7-61ba-4c56-be39-b72eb6b89a52', 7, 'general', '8a5bfedb-6e11-4f5c-82d9-2635cfcce3e2'),
('196f8409-973d-463e-a156-2bf6cb9eb179', NULL, '2022-12-05 16:33:28.085352', '2022-12-05 16:33:28.085352', 'c994db17-384a-4331-8944-b8ac0070ac3f', 'Does this employee effectively communicate with others?', 'good', 'nothing', 'da5dbdd5-8e1e-4ae7-8bb8-ab007f2580aa', 1, 'general', '8a5bfedb-6e11-4f5c-82d9-2635cfcce3e2'),
('d50f567c-2d26-43a6-888c-6d2c0d40f079', NULL, '2022-12-05 16:33:28.085352', '2022-12-05 16:33:28.085352', 'c994db17-384a-4331-8944-b8ac0070ac3f', 'How effective of a leader is this person, either through direct management or influence?', 'good', 'nothing', '7d95e035-81d6-49d7-bed4-3a83bf2e34d6', 2, 'general', '8a5bfedb-6e11-4f5c-82d9-2635cfcce3e2'),
('e0df3ab1-6098-402e-894e-dca29a46ad73', NULL, '2022-12-05 16:33:28.085352', '2022-12-05 16:33:28.085352', 'c994db17-384a-4331-8944-b8ac0070ac3f', 'Does this person find creative solutions, and own the solution to problems? Are they proactive or reactive?', 'good', 'nothing', 'd36e84c5-d7a4-4d5f-ada1-f6b9ddb58f51', 3, 'general', '8a5bfedb-6e11-4f5c-82d9-2635cfcce3e2'),
('647dff9a-e380-4d47-9c83-7f0f6023a9df', NULL, '2022-12-05 16:33:28.085352', '2022-12-05 16:33:28.085352', 'c994db17-384a-4331-8944-b8ac0070ac3f', 'How would you rate the quality of the employee''s work?', 'good', 'nothing', 'f03432ba-c024-467e-8059-a5bb2b7f783d', 4, 'general', '8a5bfedb-6e11-4f5c-82d9-2635cfcce3e2'),
('4790c098-1b34-4ab3-893a-ff1108b7860a', NULL, '2022-12-05 16:33:28.085352', '2022-12-05 16:33:28.085352', 'c994db17-384a-4331-8944-b8ac0070ac3f', 'How well does this person set and meet deadlines?', 'good', 'nothing', 'd2bb48c1-e8d6-4946-a372-8499907b7328', 5, 'general', '8a5bfedb-6e11-4f5c-82d9-2635cfcce3e2'),
('7fcfa8bc-e856-4912-a815-a75ead6bd37a', NULL, '2022-12-05 16:33:28.085352', '2022-12-05 16:33:28.085352', 'c994db17-384a-4331-8944-b8ac0070ac3f', 'How well does this person embody our culture?', 'good', 'nothing', 'be86ce52-803b-403f-b059-1a69492fe3d4', 6, 'general', '8a5bfedb-6e11-4f5c-82d9-2635cfcce3e2'),
('28d1605a-b3b3-42cf-9c19-5693c85e0c23', NULL, '2022-12-05 16:33:28.085352', '2022-12-05 16:33:28.085352', 'c994db17-384a-4331-8944-b8ac0070ac3f', 'If you could give this person one piece of constructive advice to make them more effective in their role, what would you say?', 'good', 'nothing', '51eab8c7-61ba-4c56-be39-b72eb6b89a52', 7, 'general', '8a5bfedb-6e11-4f5c-82d9-2635cfcce3e2'),
('805cb362-4e68-432f-b571-98467fcbdee0', NULL, '2022-12-05 16:33:28.085352', '2022-12-05 16:33:28.085352', 'a7f4bcc2-1953-4b86-8aff-8a96f741feca', 'Does this employee effectively communicate with others?', 'good', 'nothing', 'da5dbdd5-8e1e-4ae7-8bb8-ab007f2580aa', 1, 'general', '8a5bfedb-6e11-4f5c-82d9-2635cfcce3e2'),
('a1ae4ce6-ed45-494a-ae04-eec75a9ee0ef', NULL, '2022-12-05 16:33:28.085352', '2022-12-05 16:33:28.085352', 'a7f4bcc2-1953-4b86-8aff-8a96f741feca', 'How effective of a leader is this person, either through direct management or influence?', 'good', 'nothing', '7d95e035-81d6-49d7-bed4-3a83bf2e34d6', 2, 'general', '8a5bfedb-6e11-4f5c-82d9-2635cfcce3e2'),
('040839db-3317-4ee6-a266-428a45bd52da', NULL, '2022-12-05 16:33:28.085352', '2022-12-05 16:33:28.085352', 'a7f4bcc2-1953-4b86-8aff-8a96f741feca', 'Does this person find creative solutions, and own the solution to problems? Are they proactive or reactive?', 'good', 'nothing', 'd36e84c5-d7a4-4d5f-ada1-f6b9ddb58f51', 3, 'general', '8a5bfedb-6e11-4f5c-82d9-2635cfcce3e2'),
('2ab7d358-6860-4a06-ac47-29b43f1e29b7', NULL, '2022-12-05 16:33:28.085352', '2022-12-05 16:33:28.085352', 'a7f4bcc2-1953-4b86-8aff-8a96f741feca', 'How would you rate the quality of the employee''s work?', 'good', 'nothing', 'f03432ba-c024-467e-8059-a5bb2b7f783d', 4, 'general', '8a5bfedb-6e11-4f5c-82d9-2635cfcce3e2'),
('1730306a-ad16-4f01-9776-a99cf299deb9', NULL, '2022-12-05 16:33:28.085352', '2022-12-05 16:33:28.085352', 'a7f4bcc2-1953-4b86-8aff-8a96f741feca', 'How well does this person set and meet deadlines?', 'good', 'nothing', 'd2bb48c1-e8d6-4946-a372-8499907b7328', 5, 'general', '8a5bfedb-6e11-4f5c-82d9-2635cfcce3e2'),
('4bd65601-0ab8-4f19-8872-27905d4766aa', NULL, '2022-12-05 16:33:28.085352', '2022-12-05 16:33:28.085352', 'a7f4bcc2-1953-4b86-8aff-8a96f741feca', 'How well does this person embody our culture?', 'good', 'nothing', 'be86ce52-803b-403f-b059-1a69492fe3d4', 6, 'general', '8a5bfedb-6e11-4f5c-82d9-2635cfcce3e2'),
('c060dbaf-c30a-4b58-93a0-4e1c7848f379', NULL, '2022-12-05 16:33:28.085352', '2022-12-05 16:33:28.085352', 'a7f4bcc2-1953-4b86-8aff-8a96f741feca', 'If you could give this person one piece of constructive advice to make them more effective in their role, what would you say?', 'good', 'nothing', '51eab8c7-61ba-4c56-be39-b72eb6b89a52', 7, 'general', '8a5bfedb-6e11-4f5c-82d9-2635cfcce3e2'),
('76cd0fa4-2eed-430d-80ef-88c0eb282215', NULL, '2022-12-05 16:33:28.085352', '2022-12-05 16:33:28.085352', '16e87fe4-aff8-4c00-9cda-0b0efea94ad1', 'Does this employee effectively communicate with others?', 'good', 'nothing', 'da5dbdd5-8e1e-4ae7-8bb8-ab007f2580aa', 1, 'general', '8a5bfedb-6e11-4f5c-82d9-2635cfcce3e2'),
('febfeca1-f9cc-419a-9f5c-5d01582d86a5', NULL, '2022-12-05 16:33:28.085352', '2022-12-05 16:33:28.085352', '16e87fe4-aff8-4c00-9cda-0b0efea94ad1', 'How effective of a leader is this person, either through direct management or influence?', 'good', 'nothing', '7d95e035-81d6-49d7-bed4-3a83bf2e34d6', 2, 'general', '8a5bfedb-6e11-4f5c-82d9-2635cfcce3e2'),
('c93e7ddc-fac6-4475-adb7-b3594905c696', NULL, '2022-12-05 16:33:28.085352', '2022-12-05 16:33:28.085352', '16e87fe4-aff8-4c00-9cda-0b0efea94ad1', 'Does this person find creative solutions, and own the solution to problems? Are they proactive or reactive?', 'good', 'nothing', 'd36e84c5-d7a4-4d5f-ada1-f6b9ddb58f51', 3, 'general', '8a5bfedb-6e11-4f5c-82d9-2635cfcce3e2'),
('5915ed16-5f0c-465e-ae24-82c128f59ed6', NULL, '2022-12-05 16:33:28.085352', '2022-12-05 16:33:28.085352', '16e87fe4-aff8-4c00-9cda-0b0efea94ad1', 'How would you rate the quality of the employee''s work?', 'good', 'nothing', 'f03432ba-c024-467e-8059-a5bb2b7f783d', 4, 'general', '8a5bfedb-6e11-4f5c-82d9-2635cfcce3e2'),
('a29b6370-7c1c-4221-b6db-97f606ba24b7', NULL, '2022-12-05 16:33:28.085352', '2022-12-05 16:33:28.085352', '16e87fe4-aff8-4c00-9cda-0b0efea94ad1', 'How well does this person set and meet deadlines?', 'good', 'nothing', 'd2bb48c1-e8d6-4946-a372-8499907b7328', 5, 'general', '8a5bfedb-6e11-4f5c-82d9-2635cfcce3e2'),
('3e1718b4-e54d-45ac-b10c-0768b7bfbd67', NULL, '2022-12-05 16:33:28.085352', '2022-12-05 16:33:28.085352', '16e87fe4-aff8-4c00-9cda-0b0efea94ad1', 'How well does this person embody our culture?', 'good', 'nothing', 'be86ce52-803b-403f-b059-1a69492fe3d4', 6, 'general', '8a5bfedb-6e11-4f5c-82d9-2635cfcce3e2'),
('76e8b202-d835-4cf3-89fd-5ea12ec66073', NULL, '2022-12-05 16:33:28.085352', '2022-12-05 16:33:28.085352', '16e87fe4-aff8-4c00-9cda-0b0efea94ad1', 'If you could give this person one piece of constructive advice to make them more effective in their role, what would you say?', 'good', 'nothing', '51eab8c7-61ba-4c56-be39-b72eb6b89a52', 7, 'general', '8a5bfedb-6e11-4f5c-82d9-2635cfcce3e2'),
('c45c4a30-fe59-4d23-b849-b0d8cde29a93', NULL, '2022-12-05 16:33:28.085352', '2022-12-05 16:33:28.085352', 'cf850c59-24a2-45c5-98dc-bdf1818d36bd', 'Does this employee effectively communicate with others?', 'good', 'nothing', 'da5dbdd5-8e1e-4ae7-8bb8-ab007f2580aa', 1, 'general', '8a5bfedb-6e11-4f5c-82d9-2635cfcce3e2'),
('7720f5c0-e2d7-470f-851e-a470576f3a48', NULL, '2022-12-05 16:33:28.085352', '2022-12-05 16:33:28.085352', 'cf850c59-24a2-45c5-98dc-bdf1818d36bd', 'How effective of a leader is this person, either through direct management or influence?', 'good', 'nothing', '7d95e035-81d6-49d7-bed4-3a83bf2e34d6', 2, 'general', '8a5bfedb-6e11-4f5c-82d9-2635cfcce3e2'),
('13669f85-4a82-4e1f-95ce-23394f501b2a', NULL, '2022-12-05 16:33:28.085352', '2022-12-05 16:33:28.085352', 'cf850c59-24a2-45c5-98dc-bdf1818d36bd', 'Does this person find creative solutions, and own the solution to problems? Are they proactive or reactive?', 'good', 'nothing', 'd36e84c5-d7a4-4d5f-ada1-f6b9ddb58f51', 3, 'general', '8a5bfedb-6e11-4f5c-82d9-2635cfcce3e2'),
('b6f19c3f-76da-4d7b-9812-ebf82aadd423', NULL, '2022-12-05 16:33:28.085352', '2022-12-05 16:33:28.085352', 'cf850c59-24a2-45c5-98dc-bdf1818d36bd', 'How would you rate the quality of the employee''s work?', 'good', 'nothing', 'f03432ba-c024-467e-8059-a5bb2b7f783d', 4, 'general', '8a5bfedb-6e11-4f5c-82d9-2635cfcce3e2'),
('f9172348-bd77-4761-bf6e-b5bd72d753f9', NULL, '2022-12-05 16:33:28.085352', '2022-12-05 16:33:28.085352', 'cf850c59-24a2-45c5-98dc-bdf1818d36bd', 'How well does this person set and meet deadlines?', 'good', 'nothing', 'd2bb48c1-e8d6-4946-a372-8499907b7328', 5, 'general', '8a5bfedb-6e11-4f5c-82d9-2635cfcce3e2'),
('a7c9dc90-788c-4654-8e10-14af3b4c1b56', NULL, '2022-12-05 16:33:28.085352', '2022-12-05 16:33:28.085352', 'cf850c59-24a2-45c5-98dc-bdf1818d36bd', 'How well does this person embody our culture?', 'good', 'nothing', 'be86ce52-803b-403f-b059-1a69492fe3d4', 6, 'general', '8a5bfedb-6e11-4f5c-82d9-2635cfcce3e2'),
('d94a0088-daea-4c5c-b296-2ec0c922a80b', NULL, '2022-12-05 16:33:28.085352', '2022-12-05 16:33:28.085352', 'cf850c59-24a2-45c5-98dc-bdf1818d36bd', 'If you could give this person one piece of constructive advice to make them more effective in their role, what would you say?', 'good', 'nothing', '51eab8c7-61ba-4c56-be39-b72eb6b89a52', 7, 'general', '8a5bfedb-6e11-4f5c-82d9-2635cfcce3e2'),
('5236e1c0-549d-4c04-af84-140f4ee546b7', NULL, '2022-12-05 16:33:28.085352', '2022-12-05 16:33:28.085352', 'f754ae24-8a82-4a8b-b93f-90bb38afa4d2', 'Does this employee effectively communicate with others?', 'good', 'nothing', 'da5dbdd5-8e1e-4ae7-8bb8-ab007f2580aa', 1, 'general', '8a5bfedb-6e11-4f5c-82d9-2635cfcce3e2'),
('dc260324-b9c1-4bf6-b5ae-272bfc349c01', NULL, '2022-12-05 16:33:28.085352', '2022-12-05 16:33:28.085352', 'f754ae24-8a82-4a8b-b93f-90bb38afa4d2', 'How effective of a leader is this person, either through direct management or influence?', 'good', 'nothing', '7d95e035-81d6-49d7-bed4-3a83bf2e34d6', 2, 'general', '8a5bfedb-6e11-4f5c-82d9-2635cfcce3e2'),
('a80a3657-92f2-4f8a-9b69-4623deb45a47', NULL, '2022-12-05 16:33:28.085352', '2022-12-05 16:33:28.085352', 'f754ae24-8a82-4a8b-b93f-90bb38afa4d2', 'Does this person find creative solutions, and own the solution to problems? Are they proactive or reactive?', 'good', 'nothing', 'd36e84c5-d7a4-4d5f-ada1-f6b9ddb58f51', 3, 'general', '8a5bfedb-6e11-4f5c-82d9-2635cfcce3e2'),
('08fceeb6-9761-4f2c-b9dc-9d8c466ca159', NULL, '2022-12-05 16:33:28.085352', '2022-12-05 16:33:28.085352', 'f754ae24-8a82-4a8b-b93f-90bb38afa4d2', 'How would you rate the quality of the employee''s work?', 'good', 'nothing', 'f03432ba-c024-467e-8059-a5bb2b7f783d', 4, 'general', '8a5bfedb-6e11-4f5c-82d9-2635cfcce3e2'),
('9fff5f6a-44fb-4837-bb35-352e295191c2', NULL, '2022-12-05 16:33:28.085352', '2022-12-05 16:33:28.085352', 'f754ae24-8a82-4a8b-b93f-90bb38afa4d2', 'How well does this person set and meet deadlines?', 'good', 'nothing', 'd2bb48c1-e8d6-4946-a372-8499907b7328', 5, 'general', '8a5bfedb-6e11-4f5c-82d9-2635cfcce3e2'),
('80c9efb5-35c6-4b2a-9d70-3aba786effd6', NULL, '2022-12-05 16:33:28.085352', '2022-12-05 16:33:28.085352', 'f754ae24-8a82-4a8b-b93f-90bb38afa4d2', 'How well does this person embody our culture?', 'good', 'nothing', 'be86ce52-803b-403f-b059-1a69492fe3d4', 6, 'general', '8a5bfedb-6e11-4f5c-82d9-2635cfcce3e2'),
('f8252f9e-5db0-4ece-b598-9bcd6f960a67', NULL, '2022-12-05 16:33:28.085352', '2022-12-05 16:33:28.085352', 'f754ae24-8a82-4a8b-b93f-90bb38afa4d2', 'If you could give this person one piece of constructive advice to make them more effective in their role, what would you say?', 'good', 'nothing', '51eab8c7-61ba-4c56-be39-b72eb6b89a52', 7, 'general', '8a5bfedb-6e11-4f5c-82d9-2635cfcce3e2'),
('77a7193c-c914-4325-a73f-e10407fa1df2', NULL, '2022-12-05 16:33:28.085352', '2022-12-05 16:33:28.085352', '61a668bf-ba36-48e3-adc8-ce93c8aec29b', 'Does this employee effectively communicate with others?', 'good', 'nothing', 'da5dbdd5-8e1e-4ae7-8bb8-ab007f2580aa', 1, 'general', '8a5bfedb-6e11-4f5c-82d9-2635cfcce3e2'),
('75d7d597-0527-4183-acbb-0d156a20354c', NULL, '2022-12-05 16:33:28.085352', '2022-12-05 16:33:28.085352', '61a668bf-ba36-48e3-adc8-ce93c8aec29b', 'How effective of a leader is this person, either through direct management or influence?', 'good', 'nothing', '7d95e035-81d6-49d7-bed4-3a83bf2e34d6', 2, 'general', '8a5bfedb-6e11-4f5c-82d9-2635cfcce3e2'),
('7f956bb2-969c-4871-a633-0b8de87308eb', NULL, '2022-12-05 16:33:28.085352', '2022-12-05 16:33:28.085352', '61a668bf-ba36-48e3-adc8-ce93c8aec29b', 'Does this person find creative solutions, and own the solution to problems? Are they proactive or reactive?', 'good', 'nothing', 'd36e84c5-d7a4-4d5f-ada1-f6b9ddb58f51', 3, 'general', '8a5bfedb-6e11-4f5c-82d9-2635cfcce3e2'),
('776a6455-3eca-48c3-8920-60ae5bb6cf59', NULL, '2022-12-05 16:33:28.085352', '2022-12-05 16:33:28.085352', '61a668bf-ba36-48e3-adc8-ce93c8aec29b', 'How would you rate the quality of the employee''s work?', 'good', 'nothing', 'f03432ba-c024-467e-8059-a5bb2b7f783d', 4, 'general', '8a5bfedb-6e11-4f5c-82d9-2635cfcce3e2'),
('b120c7cc-2e8a-4dbe-a614-8b1d5251409a', NULL, '2022-12-05 16:33:28.085352', '2022-12-05 16:33:28.085352', '61a668bf-ba36-48e3-adc8-ce93c8aec29b', 'How well does this person set and meet deadlines?', 'good', 'nothing', 'd2bb48c1-e8d6-4946-a372-8499907b7328', 5, 'general', '8a5bfedb-6e11-4f5c-82d9-2635cfcce3e2'),
('75000148-8884-4dfe-97cb-0cd9f0e31edb', NULL, '2022-12-05 16:33:28.085352', '2022-12-05 16:33:28.085352', '61a668bf-ba36-48e3-adc8-ce93c8aec29b', 'How well does this person embody our culture?', 'good', 'nothing', 'be86ce52-803b-403f-b059-1a69492fe3d4', 6, 'general', '8a5bfedb-6e11-4f5c-82d9-2635cfcce3e2'),
('3c762e3b-c520-46b4-9a36-f2f202651ef1', NULL, '2022-12-05 16:33:28.085352', '2022-12-05 16:33:28.085352', '61a668bf-ba36-48e3-adc8-ce93c8aec29b', 'If you could give this person one piece of constructive advice to make them more effective in their role, what would you say?', 'good', 'nothing', '51eab8c7-61ba-4c56-be39-b72eb6b89a52', 7, 'general', '8a5bfedb-6e11-4f5c-82d9-2635cfcce3e2'),
('fa3ba88f-80b6-4496-8673-c53569607c37', NULL, '2022-12-05 16:33:28.085352', '2022-12-05 16:33:28.085352', 'c4b2c917-1912-40ee-8de2-e2dc1302a610', 'Does this employee effectively communicate with others?', 'good', 'nothing', 'da5dbdd5-8e1e-4ae7-8bb8-ab007f2580aa', 1, 'general', '8a5bfedb-6e11-4f5c-82d9-2635cfcce3e2'),
('fae8b2b2-2884-4400-889a-84c134f06002', NULL, '2022-12-05 16:33:28.085352', '2022-12-05 16:33:28.085352', 'c4b2c917-1912-40ee-8de2-e2dc1302a610', 'How effective of a leader is this person, either through direct management or influence?', 'good', 'nothing', '7d95e035-81d6-49d7-bed4-3a83bf2e34d6', 2, 'general', '8a5bfedb-6e11-4f5c-82d9-2635cfcce3e2'),
('1f474086-8037-4af3-8c97-8c6f7a28239d', NULL, '2022-12-05 16:33:28.085352', '2022-12-05 16:33:28.085352', 'c4b2c917-1912-40ee-8de2-e2dc1302a610', 'Does this person find creative solutions, and own the solution to problems? Are they proactive or reactive?', 'good', 'nothing', 'd36e84c5-d7a4-4d5f-ada1-f6b9ddb58f51', 3, 'general', '8a5bfedb-6e11-4f5c-82d9-2635cfcce3e2'),
('a95380f1-8a08-47f3-b771-e8778e239731', NULL, '2022-12-05 16:33:28.085352', '2022-12-05 16:33:28.085352', 'c4b2c917-1912-40ee-8de2-e2dc1302a610', 'How would you rate the quality of the employee''s work?', 'good', 'nothing', 'f03432ba-c024-467e-8059-a5bb2b7f783d', 4, 'general', '8a5bfedb-6e11-4f5c-82d9-2635cfcce3e2'),
('a68baf2b-ce45-4ca3-b900-65c1355dce52', NULL, '2022-12-05 16:33:28.085352', '2022-12-05 16:33:28.085352', 'c4b2c917-1912-40ee-8de2-e2dc1302a610', 'How well does this person set and meet deadlines?', 'good', 'nothing', 'd2bb48c1-e8d6-4946-a372-8499907b7328', 5, 'general', '8a5bfedb-6e11-4f5c-82d9-2635cfcce3e2'),
('8bd3d91c-727a-4ab6-b3a1-4298a02711cf', NULL, '2022-12-05 16:33:28.085352', '2022-12-05 16:33:28.085352', 'c4b2c917-1912-40ee-8de2-e2dc1302a610', 'How well does this person embody our culture?', 'good', 'nothing', 'be86ce52-803b-403f-b059-1a69492fe3d4', 6, 'general', '8a5bfedb-6e11-4f5c-82d9-2635cfcce3e2'),
('e364fa7c-18c6-4b0d-baf0-74bfac922921', NULL, '2022-12-05 16:33:28.085352', '2022-12-05 16:33:28.085352', 'c4b2c917-1912-40ee-8de2-e2dc1302a610', 'If you could give this person one piece of constructive advice to make them more effective in their role, what would you say?', 'good', 'nothing', '51eab8c7-61ba-4c56-be39-b72eb6b89a52', 7, 'general', '8a5bfedb-6e11-4f5c-82d9-2635cfcce3e2'),
('622759ad-482f-4753-810f-44f957fb6f73', NULL, '2022-12-05 16:33:28.085352', '2022-12-05 16:33:28.085352', '77f64b43-93ed-48db-b20b-a3b2f030388f', 'Does this employee effectively communicate with others?', 'good', 'nothing', 'da5dbdd5-8e1e-4ae7-8bb8-ab007f2580aa', 1, 'general', '8a5bfedb-6e11-4f5c-82d9-2635cfcce3e2'),
('1bed5811-1fc6-43b7-8386-bb72c0f6308b', NULL, '2022-12-05 16:33:28.085352', '2022-12-05 16:33:28.085352', '77f64b43-93ed-48db-b20b-a3b2f030388f', 'How effective of a leader is this person, either through direct management or influence?', 'good', 'nothing', '7d95e035-81d6-49d7-bed4-3a83bf2e34d6', 2, 'general', '8a5bfedb-6e11-4f5c-82d9-2635cfcce3e2'),
('b92b5dbd-1f45-48e7-bd6a-0883859148e9', NULL, '2022-12-05 16:33:28.085352', '2022-12-05 16:33:28.085352', '77f64b43-93ed-48db-b20b-a3b2f030388f', 'Does this person find creative solutions, and own the solution to problems? Are they proactive or reactive?', 'good', 'nothing', 'd36e84c5-d7a4-4d5f-ada1-f6b9ddb58f51', 3, 'general', '8a5bfedb-6e11-4f5c-82d9-2635cfcce3e2'),
('f28f6626-a079-48c0-a6d0-52c9b0068089', NULL, '2022-12-05 16:33:28.085352', '2022-12-05 16:33:28.085352', '77f64b43-93ed-48db-b20b-a3b2f030388f', 'How would you rate the quality of the employee''s work?', 'good', 'nothing', 'f03432ba-c024-467e-8059-a5bb2b7f783d', 4, 'general', '8a5bfedb-6e11-4f5c-82d9-2635cfcce3e2'),
('6f0c7442-de11-40f0-987b-6afedd4a557b', NULL, '2022-12-05 16:33:28.085352', '2022-12-05 16:33:28.085352', '77f64b43-93ed-48db-b20b-a3b2f030388f', 'How well does this person set and meet deadlines?', 'good', 'nothing', 'd2bb48c1-e8d6-4946-a372-8499907b7328', 5, 'general', '8a5bfedb-6e11-4f5c-82d9-2635cfcce3e2'),
('549c1e0c-f8b0-4016-a91c-447c8aeda224', NULL, '2022-12-05 16:33:28.085352', '2022-12-05 16:33:28.085352', '77f64b43-93ed-48db-b20b-a3b2f030388f', 'How well does this person embody our culture?', 'good', 'nothing', 'be86ce52-803b-403f-b059-1a69492fe3d4', 6, 'general', '8a5bfedb-6e11-4f5c-82d9-2635cfcce3e2'),
('edd73850-94c6-48f2-bcea-429fbe130c1e', NULL, '2022-12-05 16:33:28.085352', '2022-12-05 16:33:28.085352', '77f64b43-93ed-48db-b20b-a3b2f030388f', 'If you could give this person one piece of constructive advice to make them more effective in their role, what would you say?', 'good', 'nothing', '51eab8c7-61ba-4c56-be39-b72eb6b89a52', 7, 'general', '8a5bfedb-6e11-4f5c-82d9-2635cfcce3e2'),
('8d0f19a2-1ead-412d-aabe-02f7ce273ee7', NULL, '2022-12-05 16:33:28.085352', '2022-12-05 16:33:28.085352', '4f5ac428-9c23-4c5c-828f-bd9c77e5b565', 'Does this employee effectively communicate with others?', 'good', 'nothing', 'da5dbdd5-8e1e-4ae7-8bb8-ab007f2580aa', 1, 'general', '8a5bfedb-6e11-4f5c-82d9-2635cfcce3e2'),
('a3bb8875-62f6-460d-91ec-b6836f8296f0', NULL, '2022-12-05 16:33:28.085352', '2022-12-05 16:33:28.085352', '4f5ac428-9c23-4c5c-828f-bd9c77e5b565', 'How effective of a leader is this person, either through direct management or influence?', 'good', 'nothing', '7d95e035-81d6-49d7-bed4-3a83bf2e34d6', 2, 'general', '8a5bfedb-6e11-4f5c-82d9-2635cfcce3e2'),
('1f763fb1-94c0-4019-b0eb-d42f310df979', NULL, '2022-12-05 16:33:28.085352', '2022-12-05 16:33:28.085352', '4f5ac428-9c23-4c5c-828f-bd9c77e5b565', 'Does this person find creative solutions, and own the solution to problems? Are they proactive or reactive?', 'good', 'nothing', 'd36e84c5-d7a4-4d5f-ada1-f6b9ddb58f51', 3, 'general', '8a5bfedb-6e11-4f5c-82d9-2635cfcce3e2'),
('f8f95114-c299-4ccc-a114-cf3e9324327e', NULL, '2022-12-05 16:33:28.085352', '2022-12-05 16:33:28.085352', '4f5ac428-9c23-4c5c-828f-bd9c77e5b565', 'How would you rate the quality of the employee''s work?', 'good', 'nothing', 'f03432ba-c024-467e-8059-a5bb2b7f783d', 4, 'general', '8a5bfedb-6e11-4f5c-82d9-2635cfcce3e2'),
('d53657da-1ed8-44f0-879e-ee2cb793a38c', NULL, '2022-12-05 16:33:28.085352', '2022-12-05 16:33:28.085352', '4f5ac428-9c23-4c5c-828f-bd9c77e5b565', 'How well does this person set and meet deadlines?', 'good', 'nothing', 'd2bb48c1-e8d6-4946-a372-8499907b7328', 5, 'general', '8a5bfedb-6e11-4f5c-82d9-2635cfcce3e2'),
('8fb3cf60-5999-445b-9e70-97b7285561e4', NULL, '2022-12-05 16:33:28.085352', '2022-12-05 16:33:28.085352', '4f5ac428-9c23-4c5c-828f-bd9c77e5b565', 'How well does this person embody our culture?', 'good', 'nothing', 'be86ce52-803b-403f-b059-1a69492fe3d4', 6, 'general', '8a5bfedb-6e11-4f5c-82d9-2635cfcce3e2'),
('74a19bdb-ddde-4d38-9ee4-38328423691d', NULL, '2022-12-05 16:33:28.085352', '2022-12-05 16:33:28.085352', '4f5ac428-9c23-4c5c-828f-bd9c77e5b565', 'If you could give this person one piece of constructive advice to make them more effective in their role, what would you say?', 'good', 'nothing', '51eab8c7-61ba-4c56-be39-b72eb6b89a52', 7, 'general', '8a5bfedb-6e11-4f5c-82d9-2635cfcce3e2'),
('39ab4cf1-3608-40ab-a2bc-c938f44aba85', NULL, '2022-12-05 16:33:28.085352', '2022-12-05 16:33:28.085352', '4d9b9f10-faee-42d6-ace3-99d0e96a0be8', 'Does this employee effectively communicate with others?', 'good', 'nothing', 'da5dbdd5-8e1e-4ae7-8bb8-ab007f2580aa', 1, 'general', '8a5bfedb-6e11-4f5c-82d9-2635cfcce3e2'),
('1bc28a1c-7d20-4364-bb93-fea23dfd4f97', NULL, '2022-12-05 16:33:28.085352', '2022-12-05 16:33:28.085352', '4d9b9f10-faee-42d6-ace3-99d0e96a0be8', 'How effective of a leader is this person, either through direct management or influence?', 'good', 'nothing', '7d95e035-81d6-49d7-bed4-3a83bf2e34d6', 2, 'general', '8a5bfedb-6e11-4f5c-82d9-2635cfcce3e2'),
('4bb307ac-bf66-42d8-9c9e-af9f6cd10dce', NULL, '2022-12-05 16:33:28.085352', '2022-12-05 16:33:28.085352', '4d9b9f10-faee-42d6-ace3-99d0e96a0be8', 'Does this person find creative solutions, and own the solution to problems? Are they proactive or reactive?', 'good', 'nothing', 'd36e84c5-d7a4-4d5f-ada1-f6b9ddb58f51', 3, 'general', '8a5bfedb-6e11-4f5c-82d9-2635cfcce3e2'),
('7cdc121f-196a-4338-bb6b-d0bca7653395', NULL, '2022-12-05 16:33:28.085352', '2022-12-05 16:33:28.085352', '4d9b9f10-faee-42d6-ace3-99d0e96a0be8', 'How would you rate the quality of the employee''s work?', 'good', 'nothing', 'f03432ba-c024-467e-8059-a5bb2b7f783d', 4, 'general', '8a5bfedb-6e11-4f5c-82d9-2635cfcce3e2'),
('198bf42a-25a8-4416-bf2b-3f878ef32f2a', NULL, '2022-12-05 16:33:28.085352', '2022-12-05 16:33:28.085352', '4d9b9f10-faee-42d6-ace3-99d0e96a0be8', 'How well does this person set and meet deadlines?', 'good', 'nothing', 'd2bb48c1-e8d6-4946-a372-8499907b7328', 5, 'general', '8a5bfedb-6e11-4f5c-82d9-2635cfcce3e2'),
('7ba72753-c7bf-4854-b19e-ab1be97e7e10', NULL, '2022-12-05 16:33:28.085352', '2022-12-05 16:33:28.085352', '4d9b9f10-faee-42d6-ace3-99d0e96a0be8', 'How well does this person embody our culture?', 'good', 'nothing', 'be86ce52-803b-403f-b059-1a69492fe3d4', 6, 'general', '8a5bfedb-6e11-4f5c-82d9-2635cfcce3e2'),
('8605d9d2-3baf-4f07-b942-6549e3859be7', NULL, '2022-12-05 16:33:28.085352', '2022-12-05 16:33:28.085352', '4d9b9f10-faee-42d6-ace3-99d0e96a0be8', 'If you could give this person one piece of constructive advice to make them more effective in their role, what would you say?', 'good', 'nothing', '51eab8c7-61ba-4c56-be39-b72eb6b89a52', 7, 'general', '8a5bfedb-6e11-4f5c-82d9-2635cfcce3e2'),
('8dde35ce-1840-4065-88f3-07d9f14bee85', NULL, '2022-12-05 16:33:28.085352', '2022-12-05 16:33:28.085352', '6a7a936f-9ac8-4629-be67-0cf4c14f910d', 'Does this employee effectively communicate with others?', 'good', 'nothing', 'da5dbdd5-8e1e-4ae7-8bb8-ab007f2580aa', 1, 'general', '8a5bfedb-6e11-4f5c-82d9-2635cfcce3e2'),
('dc94cdc4-5c05-4b68-8f46-8ad4179355a6', NULL, '2022-12-05 16:33:28.085352', '2022-12-05 16:33:28.085352', '6a7a936f-9ac8-4629-be67-0cf4c14f910d', 'How effective of a leader is this person, either through direct management or influence?', 'good', 'nothing', '7d95e035-81d6-49d7-bed4-3a83bf2e34d6', 2, 'general', '8a5bfedb-6e11-4f5c-82d9-2635cfcce3e2'),
('ef0301f2-558f-4b57-b84b-08708c25bf93', NULL, '2022-12-05 16:33:28.085352', '2022-12-05 16:33:28.085352', '6a7a936f-9ac8-4629-be67-0cf4c14f910d', 'Does this person find creative solutions, and own the solution to problems? Are they proactive or reactive?', 'good', 'nothing', 'd36e84c5-d7a4-4d5f-ada1-f6b9ddb58f51', 3, 'general', '8a5bfedb-6e11-4f5c-82d9-2635cfcce3e2'),
('f90d0941-cff5-4371-9b07-fc15681ca18b', NULL, '2022-12-05 16:33:28.085352', '2022-12-05 16:33:28.085352', '6a7a936f-9ac8-4629-be67-0cf4c14f910d', 'How would you rate the quality of the employee''s work?', 'good', 'nothing', 'f03432ba-c024-467e-8059-a5bb2b7f783d', 4, 'general', '8a5bfedb-6e11-4f5c-82d9-2635cfcce3e2'),
('35683a93-16cb-48ac-9178-631d949f735c', NULL, '2022-12-05 16:33:28.085352', '2022-12-05 16:33:28.085352', '6a7a936f-9ac8-4629-be67-0cf4c14f910d', 'How well does this person set and meet deadlines?', 'good', 'nothing', 'd2bb48c1-e8d6-4946-a372-8499907b7328', 5, 'general', '8a5bfedb-6e11-4f5c-82d9-2635cfcce3e2'),
('bbd4b018-e837-469e-9fdd-5c7433e2875c', NULL, '2022-12-05 16:33:28.085352', '2022-12-05 16:33:28.085352', '6a7a936f-9ac8-4629-be67-0cf4c14f910d', 'How well does this person embody our culture?', 'good', 'nothing', 'be86ce52-803b-403f-b059-1a69492fe3d4', 6, 'general', '8a5bfedb-6e11-4f5c-82d9-2635cfcce3e2'),
('85e60125-f1fb-46cc-9ee4-41545e2ea803', NULL, '2022-12-05 16:33:28.085352', '2022-12-05 16:33:28.085352', '6a7a936f-9ac8-4629-be67-0cf4c14f910d', 'If you could give this person one piece of constructive advice to make them more effective in their role, what would you say?', 'good', 'nothing', '51eab8c7-61ba-4c56-be39-b72eb6b89a52', 7, 'general', '8a5bfedb-6e11-4f5c-82d9-2635cfcce3e2'),
('a21ce11d-ce32-4a3e-a51d-ab0e55fb8c26', NULL, '2022-12-05 16:33:28.085352', '2022-12-05 16:33:28.085352', '00e6a708-287c-4fc6-ae8d-83fed9d42633', 'Does this employee effectively communicate with others?', 'good', 'nothing', 'da5dbdd5-8e1e-4ae7-8bb8-ab007f2580aa', 1, 'general', '8a5bfedb-6e11-4f5c-82d9-2635cfcce3e2'),
('dbdf8e3d-b8e3-4e36-a338-93e9c669ad42', NULL, '2022-12-05 16:33:28.085352', '2022-12-05 16:33:28.085352', '00e6a708-287c-4fc6-ae8d-83fed9d42633', 'How effective of a leader is this person, either through direct management or influence?', 'good', 'nothing', '7d95e035-81d6-49d7-bed4-3a83bf2e34d6', 2, 'general', '8a5bfedb-6e11-4f5c-82d9-2635cfcce3e2'),
('3ccdb762-b36a-4e22-800b-b5478ceccc6d', NULL, '2022-12-05 16:33:28.085352', '2022-12-05 16:33:28.085352', '00e6a708-287c-4fc6-ae8d-83fed9d42633', 'Does this person find creative solutions, and own the solution to problems? Are they proactive or reactive?', 'good', 'nothing', 'd36e84c5-d7a4-4d5f-ada1-f6b9ddb58f51', 3, 'general', '8a5bfedb-6e11-4f5c-82d9-2635cfcce3e2'),
('ead7acca-2cf5-4070-b46d-2031a77a8601', NULL, '2022-12-05 16:33:28.085352', '2022-12-05 16:33:28.085352', '00e6a708-287c-4fc6-ae8d-83fed9d42633', 'How would you rate the quality of the employee''s work?', 'good', 'nothing', 'f03432ba-c024-467e-8059-a5bb2b7f783d', 4, 'general', '8a5bfedb-6e11-4f5c-82d9-2635cfcce3e2'),
('4c01f36b-e7e7-4045-952a-99b51ec34191', NULL, '2022-12-05 16:33:28.085352', '2022-12-05 16:33:28.085352', '00e6a708-287c-4fc6-ae8d-83fed9d42633', 'How well does this person set and meet deadlines?', 'good', 'nothing', 'd2bb48c1-e8d6-4946-a372-8499907b7328', 5, 'general', '8a5bfedb-6e11-4f5c-82d9-2635cfcce3e2'),
('4bf38638-31ac-4b42-ad2f-724bf918d512', NULL, '2022-12-05 16:33:28.085352', '2022-12-05 16:33:28.085352', '00e6a708-287c-4fc6-ae8d-83fed9d42633', 'How well does this person embody our culture?', 'good', 'nothing', 'be86ce52-803b-403f-b059-1a69492fe3d4', 6, 'general', '8a5bfedb-6e11-4f5c-82d9-2635cfcce3e2'),
('76ad843e-5db6-4ac6-8138-6932183da92a', NULL, '2022-12-05 16:33:28.085352', '2022-12-05 16:33:28.085352', '00e6a708-287c-4fc6-ae8d-83fed9d42633', 'If you could give this person one piece of constructive advice to make them more effective in their role, what would you say?', 'good', 'nothing', '51eab8c7-61ba-4c56-be39-b72eb6b89a52', 7, 'general', '8a5bfedb-6e11-4f5c-82d9-2635cfcce3e2'),
('b5a6f079-3e11-432d-a112-c132a8fd0f04', NULL, '2022-12-05 16:33:28.085352', '2022-12-05 16:33:28.085352', '68867dea-f8af-47e0-9bd7-620c0404f707', 'Does this employee effectively communicate with others?', 'good', 'nothing', 'da5dbdd5-8e1e-4ae7-8bb8-ab007f2580aa', 1, 'general', '8a5bfedb-6e11-4f5c-82d9-2635cfcce3e2'),
('de7cd97e-20a8-49f5-b91d-5eb9a54e738f', NULL, '2022-12-05 16:33:28.085352', '2022-12-05 16:33:28.085352', '68867dea-f8af-47e0-9bd7-620c0404f707', 'How effective of a leader is this person, either through direct management or influence?', 'good', 'nothing', '7d95e035-81d6-49d7-bed4-3a83bf2e34d6', 2, 'general', '8a5bfedb-6e11-4f5c-82d9-2635cfcce3e2'),
('2b0c2e3e-71a2-43a0-bdd0-ce28fc1971e9', NULL, '2022-12-05 16:33:28.085352', '2022-12-05 16:33:28.085352', '68867dea-f8af-47e0-9bd7-620c0404f707', 'Does this person find creative solutions, and own the solution to problems? Are they proactive or reactive?', 'good', 'nothing', 'd36e84c5-d7a4-4d5f-ada1-f6b9ddb58f51', 3, 'general', '8a5bfedb-6e11-4f5c-82d9-2635cfcce3e2'),
('0e148e70-dbef-43b7-8683-1954d2c06b31', NULL, '2022-12-05 16:33:28.085352', '2022-12-05 16:33:28.085352', '68867dea-f8af-47e0-9bd7-620c0404f707', 'How would you rate the quality of the employee''s work?', 'good', 'nothing', 'f03432ba-c024-467e-8059-a5bb2b7f783d', 4, 'general', '8a5bfedb-6e11-4f5c-82d9-2635cfcce3e2'),
('9a8c9880-77b3-48b0-addb-2397ff3dab06', NULL, '2022-12-05 16:33:28.085352', '2022-12-05 16:33:28.085352', '68867dea-f8af-47e0-9bd7-620c0404f707', 'How well does this person set and meet deadlines?', 'good', 'nothing', 'd2bb48c1-e8d6-4946-a372-8499907b7328', 5, 'general', '8a5bfedb-6e11-4f5c-82d9-2635cfcce3e2'),
('d40c9bc9-0cba-4836-8274-4acb32e13df0', NULL, '2022-12-05 16:33:28.085352', '2022-12-05 16:33:28.085352', '68867dea-f8af-47e0-9bd7-620c0404f707', 'How well does this person embody our culture?', 'good', 'nothing', 'be86ce52-803b-403f-b059-1a69492fe3d4', 6, 'general', '8a5bfedb-6e11-4f5c-82d9-2635cfcce3e2'),
('5189492e-3a97-4ff9-9f97-70ddac9075d0', NULL, '2022-12-05 16:33:28.085352', '2022-12-05 16:33:28.085352', '68867dea-f8af-47e0-9bd7-620c0404f707', 'If you could give this person one piece of constructive advice to make them more effective in their role, what would you say?', 'good', 'nothing', '51eab8c7-61ba-4c56-be39-b72eb6b89a52', 7, 'general', '8a5bfedb-6e11-4f5c-82d9-2635cfcce3e2'),
('fd428555-dc90-4714-b61b-e0cb455834aa', NULL, '2022-12-05 16:33:28.085352', '2022-12-05 16:33:28.085352', 'eae233c5-4930-4185-bfc7-7852f7b29fd0', 'Does this employee effectively communicate with others?', 'good', 'nothing', 'da5dbdd5-8e1e-4ae7-8bb8-ab007f2580aa', 1, 'general', '8a5bfedb-6e11-4f5c-82d9-2635cfcce3e2'),
('c412b003-80e2-4c1d-8ebd-c84779aa08d5', NULL, '2022-12-05 16:33:28.085352', '2022-12-05 16:33:28.085352', 'eae233c5-4930-4185-bfc7-7852f7b29fd0', 'How effective of a leader is this person, either through direct management or influence?', 'good', 'nothing', '7d95e035-81d6-49d7-bed4-3a83bf2e34d6', 2, 'general', '8a5bfedb-6e11-4f5c-82d9-2635cfcce3e2'),
('d4f4aa22-713a-4c77-a6bf-c2e635f21871', NULL, '2022-12-05 16:33:28.085352', '2022-12-05 16:33:28.085352', 'eae233c5-4930-4185-bfc7-7852f7b29fd0', 'Does this person find creative solutions, and own the solution to problems? Are they proactive or reactive?', 'good', 'nothing', 'd36e84c5-d7a4-4d5f-ada1-f6b9ddb58f51', 3, 'general', '8a5bfedb-6e11-4f5c-82d9-2635cfcce3e2'),
('7ce5c608-544e-453c-bed3-f092ffb793f1', NULL, '2022-12-05 16:33:28.085352', '2022-12-05 16:33:28.085352', 'eae233c5-4930-4185-bfc7-7852f7b29fd0', 'How would you rate the quality of the employee''s work?', 'good', 'nothing', 'f03432ba-c024-467e-8059-a5bb2b7f783d', 4, 'general', '8a5bfedb-6e11-4f5c-82d9-2635cfcce3e2'),
('0e11fa6e-5d95-4a9c-9854-37676c71192c', NULL, '2022-12-05 16:33:28.085352', '2022-12-05 16:33:28.085352', 'eae233c5-4930-4185-bfc7-7852f7b29fd0', 'How well does this person set and meet deadlines?', 'good', 'nothing', 'd2bb48c1-e8d6-4946-a372-8499907b7328', 5, 'general', '8a5bfedb-6e11-4f5c-82d9-2635cfcce3e2'),
('fc2bdbdc-9379-40f7-8f68-983ea611315c', NULL, '2022-12-05 16:33:28.085352', '2022-12-05 16:33:28.085352', 'eae233c5-4930-4185-bfc7-7852f7b29fd0', 'How well does this person embody our culture?', 'good', 'nothing', 'be86ce52-803b-403f-b059-1a69492fe3d4', 6, 'general', '8a5bfedb-6e11-4f5c-82d9-2635cfcce3e2'),
('8b7f536f-c996-44ee-8ef0-7d1eb6e15fd5', NULL, '2022-12-05 16:33:28.085352', '2022-12-05 16:33:28.085352', 'eae233c5-4930-4185-bfc7-7852f7b29fd0', 'If you could give this person one piece of constructive advice to make them more effective in their role, what would you say?', 'good', 'nothing', '51eab8c7-61ba-4c56-be39-b72eb6b89a52', 7, 'general', '8a5bfedb-6e11-4f5c-82d9-2635cfcce3e2'),
('4f90db0f-c8a3-4a65-b244-4814b267e11e', NULL, '2022-12-05 16:33:28.085352', '2022-12-05 16:33:28.085352', '4eecf200-4cd2-4df5-ae61-d4184613c0b2', 'Does this employee effectively communicate with others?', 'good', 'nothing', 'da5dbdd5-8e1e-4ae7-8bb8-ab007f2580aa', 1, 'general', '8a5bfedb-6e11-4f5c-82d9-2635cfcce3e2'),
('0439f1e2-0345-4b73-8f90-cb28634a9f52', NULL, '2022-12-05 16:33:28.085352', '2022-12-05 16:33:28.085352', '4eecf200-4cd2-4df5-ae61-d4184613c0b2', 'How effective of a leader is this person, either through direct management or influence?', 'good', 'nothing', '7d95e035-81d6-49d7-bed4-3a83bf2e34d6', 2, 'general', '8a5bfedb-6e11-4f5c-82d9-2635cfcce3e2'),
('b7a75f72-c9ea-4dc2-9061-75e3ca3cb654', NULL, '2022-12-05 16:33:28.085352', '2022-12-05 16:33:28.085352', '4eecf200-4cd2-4df5-ae61-d4184613c0b2', 'Does this person find creative solutions, and own the solution to problems? Are they proactive or reactive?', 'good', 'nothing', 'd36e84c5-d7a4-4d5f-ada1-f6b9ddb58f51', 3, 'general', '8a5bfedb-6e11-4f5c-82d9-2635cfcce3e2'),
('33d87bac-f06c-4678-b396-1b37dd580082', NULL, '2022-12-05 16:33:28.085352', '2022-12-05 16:33:28.085352', '4eecf200-4cd2-4df5-ae61-d4184613c0b2', 'How would you rate the quality of the employee''s work?', 'good', 'nothing', 'f03432ba-c024-467e-8059-a5bb2b7f783d', 4, 'general', '8a5bfedb-6e11-4f5c-82d9-2635cfcce3e2'),
('40629725-da07-4bf2-b279-59e5b7be902e', NULL, '2022-12-05 16:33:28.085352', '2022-12-05 16:33:28.085352', '4eecf200-4cd2-4df5-ae61-d4184613c0b2', 'How well does this person set and meet deadlines?', 'good', 'nothing', 'd2bb48c1-e8d6-4946-a372-8499907b7328', 5, 'general', '8a5bfedb-6e11-4f5c-82d9-2635cfcce3e2'),
('b222d248-0576-47c3-8997-e207eaf7abdc', NULL, '2022-12-05 16:33:28.085352', '2022-12-05 16:33:28.085352', '4eecf200-4cd2-4df5-ae61-d4184613c0b2', 'How well does this person embody our culture?', 'good', 'nothing', 'be86ce52-803b-403f-b059-1a69492fe3d4', 6, 'general', '8a5bfedb-6e11-4f5c-82d9-2635cfcce3e2'),
('98a91124-954f-4e8c-840d-d8984c27afaa', NULL, '2022-12-05 16:33:28.085352', '2022-12-05 16:33:28.085352', '4eecf200-4cd2-4df5-ae61-d4184613c0b2', 'If you could give this person one piece of constructive advice to make them more effective in their role, what would you say?', 'good', 'nothing', '51eab8c7-61ba-4c56-be39-b72eb6b89a52', 7, 'general', '8a5bfedb-6e11-4f5c-82d9-2635cfcce3e2'),
('2317766a-1e6e-4809-840a-1cb007fc854f', NULL, '2022-12-05 16:33:28.085352', '2022-12-05 16:33:28.085352', 'fcdb0411-c790-4925-88ce-6b75c87d4648', 'Does this employee effectively communicate with others?', 'good', 'nothing', 'da5dbdd5-8e1e-4ae7-8bb8-ab007f2580aa', 1, 'general', '8a5bfedb-6e11-4f5c-82d9-2635cfcce3e2'),
('24435e33-dfb1-4389-979e-3914cf3a2c1a', NULL, '2022-12-05 16:33:28.085352', '2022-12-05 16:33:28.085352', 'fcdb0411-c790-4925-88ce-6b75c87d4648', 'How effective of a leader is this person, either through direct management or influence?', 'good', 'nothing', '7d95e035-81d6-49d7-bed4-3a83bf2e34d6', 2, 'general', '8a5bfedb-6e11-4f5c-82d9-2635cfcce3e2'),
('577275f9-d178-4d82-b95e-bd3fc269910b', NULL, '2022-12-05 16:33:28.085352', '2022-12-05 16:33:28.085352', 'fcdb0411-c790-4925-88ce-6b75c87d4648', 'Does this person find creative solutions, and own the solution to problems? Are they proactive or reactive?', 'good', 'nothing', 'd36e84c5-d7a4-4d5f-ada1-f6b9ddb58f51', 3, 'general', '8a5bfedb-6e11-4f5c-82d9-2635cfcce3e2'),
('bbc126de-6e19-4bda-9cdb-3799c5d3e967', NULL, '2022-12-05 16:33:28.085352', '2022-12-05 16:33:28.085352', 'fcdb0411-c790-4925-88ce-6b75c87d4648', 'How would you rate the quality of the employee''s work?', 'good', 'nothing', 'f03432ba-c024-467e-8059-a5bb2b7f783d', 4, 'general', '8a5bfedb-6e11-4f5c-82d9-2635cfcce3e2'),
('9f93bbde-5149-44ce-8033-2aa0a500b191', NULL, '2022-12-05 16:33:28.085352', '2022-12-05 16:33:28.085352', 'fcdb0411-c790-4925-88ce-6b75c87d4648', 'How well does this person set and meet deadlines?', 'good', 'nothing', 'd2bb48c1-e8d6-4946-a372-8499907b7328', 5, 'general', '8a5bfedb-6e11-4f5c-82d9-2635cfcce3e2'),
('d09fa06b-b6fb-4d98-8cb6-958abfb2a676', NULL, '2022-12-05 16:33:28.085352', '2022-12-05 16:33:28.085352', 'fcdb0411-c790-4925-88ce-6b75c87d4648', 'How well does this person embody our culture?', 'good', 'nothing', 'be86ce52-803b-403f-b059-1a69492fe3d4', 6, 'general', '8a5bfedb-6e11-4f5c-82d9-2635cfcce3e2'),
('e472ed37-7aa2-454f-bfa0-975cc02a390e', NULL, '2022-12-05 16:33:28.085352', '2022-12-05 16:33:28.085352', 'fcdb0411-c790-4925-88ce-6b75c87d4648', 'If you could give this person one piece of constructive advice to make them more effective in their role, what would you say?', 'good', 'nothing', '51eab8c7-61ba-4c56-be39-b72eb6b89a52', 7, 'general', '8a5bfedb-6e11-4f5c-82d9-2635cfcce3e2'),
('7a94c0f4-81cf-4736-8628-710e25cfc4e7', NULL, '2022-12-05 16:33:28.085352', '2022-12-05 16:33:28.085352', 'bc9a5715-9723-4a2f-ad42-0d0f19a80b4d', 'Does this employee effectively communicate with others?', 'good', 'nothing', 'da5dbdd5-8e1e-4ae7-8bb8-ab007f2580aa', 1, 'general', '8a5bfedb-6e11-4f5c-82d9-2635cfcce3e2'),
('795219e6-67d8-4611-a5cb-38fb1057e4ee', NULL, '2022-12-05 16:33:28.085352', '2022-12-05 16:33:28.085352', 'bc9a5715-9723-4a2f-ad42-0d0f19a80b4d', 'How effective of a leader is this person, either through direct management or influence?', 'good', 'nothing', '7d95e035-81d6-49d7-bed4-3a83bf2e34d6', 2, 'general', '8a5bfedb-6e11-4f5c-82d9-2635cfcce3e2'),
('40177889-8098-4cb7-931e-9cfe857e56f7', NULL, '2022-12-05 16:33:28.085352', '2022-12-05 16:33:28.085352', 'bc9a5715-9723-4a2f-ad42-0d0f19a80b4d', 'Does this person find creative solutions, and own the solution to problems? Are they proactive or reactive?', 'good', 'nothing', 'd36e84c5-d7a4-4d5f-ada1-f6b9ddb58f51', 3, 'general', '8a5bfedb-6e11-4f5c-82d9-2635cfcce3e2'),
('7886c936-fb48-4fc0-beb6-7a8c5d723b78', NULL, '2022-12-05 16:33:28.085352', '2022-12-05 16:33:28.085352', 'bc9a5715-9723-4a2f-ad42-0d0f19a80b4d', 'How would you rate the quality of the employee''s work?', 'good', 'nothing', 'f03432ba-c024-467e-8059-a5bb2b7f783d', 4, 'general', '8a5bfedb-6e11-4f5c-82d9-2635cfcce3e2'),
('272a2524-efe3-4386-b463-a79143ef661e', NULL, '2022-12-05 16:33:28.085352', '2022-12-05 16:33:28.085352', 'bc9a5715-9723-4a2f-ad42-0d0f19a80b4d', 'How well does this person set and meet deadlines?', 'good', 'nothing', 'd2bb48c1-e8d6-4946-a372-8499907b7328', 5, 'general', '8a5bfedb-6e11-4f5c-82d9-2635cfcce3e2'),
('86aac74b-4dc4-422b-ac70-735fe247eedf', NULL, '2022-12-05 16:33:28.085352', '2022-12-05 16:33:28.085352', 'bc9a5715-9723-4a2f-ad42-0d0f19a80b4d', 'How well does this person embody our culture?', 'good', 'nothing', 'be86ce52-803b-403f-b059-1a69492fe3d4', 6, 'general', '8a5bfedb-6e11-4f5c-82d9-2635cfcce3e2'),
('faab80cf-9b4c-4deb-96b6-3d7a46cc5e7d', NULL, '2022-12-05 16:33:28.085352', '2022-12-05 16:33:28.085352', 'bc9a5715-9723-4a2f-ad42-0d0f19a80b4d', 'If you could give this person one piece of constructive advice to make them more effective in their role, what would you say?', 'good', 'nothing', '51eab8c7-61ba-4c56-be39-b72eb6b89a52', 7, 'general', '8a5bfedb-6e11-4f5c-82d9-2635cfcce3e2'),
('655f62c8-6491-47bb-9bdf-882f57cfddb4', NULL, '2022-12-05 16:33:28.085352', '2022-12-05 16:33:28.085352', '922e6243-c1e7-4055-9fe6-148ea39cfc8d', 'Does this employee effectively communicate with others?', 'good', 'nothing', 'da5dbdd5-8e1e-4ae7-8bb8-ab007f2580aa', 1, 'general', '8a5bfedb-6e11-4f5c-82d9-2635cfcce3e2'),
('34fcecec-4ebe-4a17-9e3b-98e474825995', NULL, '2022-12-05 16:33:28.085352', '2022-12-05 16:33:28.085352', '922e6243-c1e7-4055-9fe6-148ea39cfc8d', 'How effective of a leader is this person, either through direct management or influence?', 'good', 'nothing', '7d95e035-81d6-49d7-bed4-3a83bf2e34d6', 2, 'general', '8a5bfedb-6e11-4f5c-82d9-2635cfcce3e2'),
('9c23ab8d-5db7-4012-acac-7e8cc268a55d', NULL, '2022-12-05 16:33:28.085352', '2022-12-05 16:33:28.085352', '922e6243-c1e7-4055-9fe6-148ea39cfc8d', 'Does this person find creative solutions, and own the solution to problems? Are they proactive or reactive?', 'good', 'nothing', 'd36e84c5-d7a4-4d5f-ada1-f6b9ddb58f51', 3, 'general', '8a5bfedb-6e11-4f5c-82d9-2635cfcce3e2'),
('8b9f063f-d184-4d30-a7ef-3e021b7485e2', NULL, '2022-12-05 16:33:28.085352', '2022-12-05 16:33:28.085352', '922e6243-c1e7-4055-9fe6-148ea39cfc8d', 'How would you rate the quality of the employee''s work?', 'good', 'nothing', 'f03432ba-c024-467e-8059-a5bb2b7f783d', 4, 'general', '8a5bfedb-6e11-4f5c-82d9-2635cfcce3e2'),
('0e64dc6f-74ae-447e-8e27-117ee57b790b', NULL, '2022-12-05 16:33:28.085352', '2022-12-05 16:33:28.085352', '922e6243-c1e7-4055-9fe6-148ea39cfc8d', 'How well does this person set and meet deadlines?', 'good', 'nothing', 'd2bb48c1-e8d6-4946-a372-8499907b7328', 5, 'general', '8a5bfedb-6e11-4f5c-82d9-2635cfcce3e2'),
('d799978a-447a-4fdb-964d-48ae07a8769c', NULL, '2022-12-05 16:33:28.085352', '2022-12-05 16:33:28.085352', '922e6243-c1e7-4055-9fe6-148ea39cfc8d', 'How well does this person embody our culture?', 'good', 'nothing', 'be86ce52-803b-403f-b059-1a69492fe3d4', 6, 'general', '8a5bfedb-6e11-4f5c-82d9-2635cfcce3e2'),
('28e4c3f6-58b2-4336-a452-6881e32a9748', NULL, '2022-12-05 16:33:28.085352', '2022-12-05 16:33:28.085352', '922e6243-c1e7-4055-9fe6-148ea39cfc8d', 'If you could give this person one piece of constructive advice to make them more effective in their role, what would you say?', 'good', 'nothing', '51eab8c7-61ba-4c56-be39-b72eb6b89a52', 7, 'general', '8a5bfedb-6e11-4f5c-82d9-2635cfcce3e2'),
('aaf921d7-a9d9-4b28-bb92-b865aacf95ef', NULL, '2022-12-05 16:33:28.085352', '2022-12-05 16:33:28.085352', '359a2804-40a8-4a6d-86fb-c0247f66c281', 'Does this employee effectively communicate with others?', 'good', 'nothing', 'da5dbdd5-8e1e-4ae7-8bb8-ab007f2580aa', 1, 'general', '8a5bfedb-6e11-4f5c-82d9-2635cfcce3e2'),
('e2f61ebd-8320-4256-8b4e-4518e795a729', NULL, '2022-12-05 16:33:28.085352', '2022-12-05 16:33:28.085352', '359a2804-40a8-4a6d-86fb-c0247f66c281', 'How effective of a leader is this person, either through direct management or influence?', 'good', 'nothing', '7d95e035-81d6-49d7-bed4-3a83bf2e34d6', 2, 'general', '8a5bfedb-6e11-4f5c-82d9-2635cfcce3e2'),
('c9026072-b47a-4a90-b4ea-b9e72cac9a65', NULL, '2022-12-05 16:33:28.085352', '2022-12-05 16:33:28.085352', '359a2804-40a8-4a6d-86fb-c0247f66c281', 'Does this person find creative solutions, and own the solution to problems? Are they proactive or reactive?', 'good', 'nothing', 'd36e84c5-d7a4-4d5f-ada1-f6b9ddb58f51', 3, 'general', '8a5bfedb-6e11-4f5c-82d9-2635cfcce3e2'),
('c2864ccf-01a6-4296-9375-bdbf04ac5475', NULL, '2022-12-05 16:33:28.085352', '2022-12-05 16:33:28.085352', '359a2804-40a8-4a6d-86fb-c0247f66c281', 'How would you rate the quality of the employee''s work?', 'good', 'nothing', 'f03432ba-c024-467e-8059-a5bb2b7f783d', 4, 'general', '8a5bfedb-6e11-4f5c-82d9-2635cfcce3e2'),
('90089de9-ba30-432b-ade8-fc4e1b4e7d86', NULL, '2022-12-05 16:33:28.085352', '2022-12-05 16:33:28.085352', '359a2804-40a8-4a6d-86fb-c0247f66c281', 'How well does this person set and meet deadlines?', 'good', 'nothing', 'd2bb48c1-e8d6-4946-a372-8499907b7328', 5, 'general', '8a5bfedb-6e11-4f5c-82d9-2635cfcce3e2'),
('1d005c66-b8ec-415f-b943-64601b3d011c', NULL, '2022-12-05 16:33:28.085352', '2022-12-05 16:33:28.085352', '359a2804-40a8-4a6d-86fb-c0247f66c281', 'How well does this person embody our culture?', 'good', 'nothing', 'be86ce52-803b-403f-b059-1a69492fe3d4', 6, 'general', '8a5bfedb-6e11-4f5c-82d9-2635cfcce3e2'),
('70015ccd-526f-407f-9e87-dce0ac47f996', NULL, '2022-12-05 16:33:28.085352', '2022-12-05 16:33:28.085352', '359a2804-40a8-4a6d-86fb-c0247f66c281', 'If you could give this person one piece of constructive advice to make them more effective in their role, what would you say?', 'good', 'nothing', '51eab8c7-61ba-4c56-be39-b72eb6b89a52', 7, 'general', '8a5bfedb-6e11-4f5c-82d9-2635cfcce3e2'),
('5ef6aaa8-0138-4d7a-a4ad-7fae07130c1d', NULL, '2022-12-05 16:33:28.085352', '2022-12-05 16:33:28.085352', 'd896ce40-dd8c-48be-951e-7691aa27a734', 'Does this employee effectively communicate with others?', 'good', 'nothing', 'da5dbdd5-8e1e-4ae7-8bb8-ab007f2580aa', 1, 'general', '8a5bfedb-6e11-4f5c-82d9-2635cfcce3e2'),
('531753fb-407a-47f3-bc0b-af3078b62109', NULL, '2022-12-05 16:33:28.085352', '2022-12-05 16:33:28.085352', 'd896ce40-dd8c-48be-951e-7691aa27a734', 'How effective of a leader is this person, either through direct management or influence?', 'good', 'nothing', '7d95e035-81d6-49d7-bed4-3a83bf2e34d6', 2, 'general', '8a5bfedb-6e11-4f5c-82d9-2635cfcce3e2'),
('23175e34-b433-4e5a-b0b8-0122ff914a06', NULL, '2022-12-05 16:33:28.085352', '2022-12-05 16:33:28.085352', 'd896ce40-dd8c-48be-951e-7691aa27a734', 'Does this person find creative solutions, and own the solution to problems? Are they proactive or reactive?', 'good', 'nothing', 'd36e84c5-d7a4-4d5f-ada1-f6b9ddb58f51', 3, 'general', '8a5bfedb-6e11-4f5c-82d9-2635cfcce3e2'),
('8c0be10c-bf11-4c60-92f2-2b15e01bbed5', NULL, '2022-12-05 16:33:28.085352', '2022-12-05 16:33:28.085352', 'd896ce40-dd8c-48be-951e-7691aa27a734', 'How would you rate the quality of the employee''s work?', 'good', 'nothing', 'f03432ba-c024-467e-8059-a5bb2b7f783d', 4, 'general', '8a5bfedb-6e11-4f5c-82d9-2635cfcce3e2'),
('310765b1-8647-4c95-8d99-c90caa1713f2', NULL, '2022-12-05 16:33:28.085352', '2022-12-05 16:33:28.085352', 'd896ce40-dd8c-48be-951e-7691aa27a734', 'How well does this person set and meet deadlines?', 'good', 'nothing', 'd2bb48c1-e8d6-4946-a372-8499907b7328', 5, 'general', '8a5bfedb-6e11-4f5c-82d9-2635cfcce3e2'),
('a3edeee0-915c-4c61-b0cf-e6a17dafed5c', NULL, '2022-12-05 16:33:28.085352', '2022-12-05 16:33:28.085352', 'd896ce40-dd8c-48be-951e-7691aa27a734', 'How well does this person embody our culture?', 'good', 'nothing', 'be86ce52-803b-403f-b059-1a69492fe3d4', 6, 'general', '8a5bfedb-6e11-4f5c-82d9-2635cfcce3e2'),
('ad992bfc-598e-45c8-9071-abdd1e28acef', NULL, '2022-12-05 16:33:28.085352', '2022-12-05 16:33:28.085352', 'd896ce40-dd8c-48be-951e-7691aa27a734', 'If you could give this person one piece of constructive advice to make them more effective in their role, what would you say?', 'good', 'nothing', '51eab8c7-61ba-4c56-be39-b72eb6b89a52', 7, 'general', '8a5bfedb-6e11-4f5c-82d9-2635cfcce3e2');
