INSERT INTO public.employees (id,deleted_at,created_at,updated_at,full_name,display_name,gender,team_email,personal_email,avatar,phone_number,address,mbti,horoscope,passport_photo_front,passport_photo_back,identity_card_photo_front,identity_card_photo_back,date_of_birth,"working_status",joined_date,left_date,basecamp_id,basecamp_attachable_sgid,gitlab_id,github_id,discord_id,wise_recipient_email,wise_recipient_name,wise_recipient_id,wise_account_number,wise_currency,local_bank_branch,local_bank_number,local_bank_currency,local_branch_name,local_bank_recipient_name,seniority_id,notion_id,line_manager_id, discord_name, notion_name, username) VALUES
('f7c6016b-85b5-47f7-8027-23c2db482197', NULL, '2022-11-17 11:06:03.275039', '2022-11-17 11:06:03.275039', 'Nguyen Van Duc','Duc Nguyen','Male','ducnv@dwarvesv.com','nguyenduc123@gmail.com','https://s3-ap-southeast-1.amazonaws.com/fortress-images/7227222220023148542.png','0123456789','Hoa Khanh Bac - Da Nang - Viet Nam','INFP-A','Libra',NULL,NULL,NULL,NULL,'2000-02-02','probation','2022-05-25',NULL,NULL,NULL,'ducnv','ducnv','236885900779454465',NULL,NULL,NULL,NULL,NULL,NULL,NULL,NULL,NULL,NULL,'d796884d-a8c4-4525-81e7-54a3b6099eac','26581472','2655832e-f009-4b73-a535-64c3a22e558f', 'discordName', 'notionName', 'ducnv'),
('d42a6fca-d3b8-4a48-80f7-a95772abda56', NULL, '2022-11-17 11:06:03.279339', '2022-11-17 11:06:03.279339', 'Nguyễn Xuân Trường','Truong Nguyen','Male','truongnx@dwarvesv.com','nguyentruong123@gmail.com','https://s3-ap-southeast-1.amazonaws.com/fortress-images/8690187460973853786.png','0123456789','Nam Tu Liem','ISFJ-T','Virgo',NULL,NULL,NULL,NULL,'1995-04-05','full-time','2022-05-25',NULL,NULL,NULL,'truongnguyen','truongnguyen','205167514731151360',NULL,NULL,NULL,NULL,NULL,NULL,NULL,NULL,NULL,NULL,'11ccffea-2cc9-4e98-9bef-3464dfe4dec8','26581472','2655832e-f009-4b73-a535-64c3a22e558f', 'discordName', 'notionName', 'truongnx'),
('dcfee24b-306d-4609-9c24-a4021639a11b', NULL, '2022-11-17 11:06:03.264371', '2022-11-17 11:06:03.264371', 'Lê Việt Quỳnh','Quynh Le','Female','quynhlv@dwarvesv.com','lequynh123@gmail.com','https://s3-ap-southeast-1.amazonaws.com/fortress-images/4916620003720295041.png','0123456789','Binh Tan District','INTJ-S','Virgo',NULL,NULL,NULL,NULL,'1998-12-10','full-time','2021-05-17',NULL,NULL,NULL,'quynhle','quynhle','435844136025849876',NULL,NULL,NULL,NULL,NULL,NULL,NULL,NULL,NULL,NULL,'01fb6322-d727-47e3-a242-5039ea4732fc','29088916','2655832e-f009-4b73-a535-64c3a22e558f', 'discordName', 'notionName', 'quynhlv'),
('38a00d4a-bc45-41de-965a-adc674ab82c9', NULL, '2022-11-17 11:15:40.397372', '2022-11-17 11:15:40.397372', 'Nguyễn Hữu Nguyên','Nguyen Nguyen','Male','nguyennh@dwarvesv.com','nguyennh123@gmail.com','https://s3-ap-southeast-1.amazonaws.com/fortress-images/2137109913829673789.png','0123456789','Q. Thu Duc , TP.HCM','ISTJ-A','Libra',NULL,NULL,NULL,NULL,'1995-04-05','probation','2022-05-25',NULL,NULL,NULL,'nguyennh','nguyennh','205167514731151360',NULL,NULL,NULL,NULL,NULL,NULL,NULL,NULL,NULL,NULL,'11ccffea-2cc9-4e98-9bef-3464dfe4dec8', '26581472','2655832e-f009-4b73-a535-64c3a22e558f', 'discordName', 'notionName', 'nguyennh'),
('ecea9d15-05ba-4a4e-9787-54210e3b98ce', NULL, '2022-11-02 09:50:55.320669', '2022-11-02 09:50:55.320669', 'Nguyễn Hoàng Huy','Huy Nguyen','Male','huynh@d.foundation','hoanghuy123@gmail.com','https://s3-ap-southeast-1.amazonaws.com/fortress-images/2830497479497502617.png','0123456789','Thu Duc City, Ho Chi Minh City','ENFJ-A','Aquaman',NULL,NULL,NULL,NULL,'1990-01-02','probation','2018-09-01',NULL,NULL,NULL,'huynguyen','huynguyen','646649040771219476',NULL,NULL,NULL,NULL,NULL,NULL,NULL,NULL,NULL,NULL,'01fb6322-d727-47e3-a242-5039ea4732fd','39523061','2655832e-f009-4b73-a535-64c3a22e558f', 'discordName', 'notionName', 'huynh'),
('2655832e-f009-4b73-a535-64c3a22e558f', NULL, '2022-11-02 09:52:34.586566', '2022-11-02 09:52:34.586566', 'Phạm Đức Thành','Thanh Pham','Male','thanh@d.foundation','thanhpham123@gmail.com','https://s3-ap-southeast-1.amazonaws.com/fortress-images/5153574695663955944.png','0123456788','Tan Binh District, Ho Chi Minh, Vietnam','ISFJ-A','Aquaman',NULL,NULL,NULL,NULL,'1990-01-02','contractor','2018-09-01',NULL,NULL,NULL,'thanhpham','thanhpham','646649040771219476',NULL,NULL,NULL,NULL,NULL,NULL,NULL,NULL,NULL,NULL,'01fb6322-d727-47e3-a242-5039ea4732fd','39523061',NULL, 'discordName', 'notionName', 'thanh'),
('608ea227-45a5-4c8a-af43-6c7280d96340', NULL, '2022-11-02 09:50:55.320669', '2022-11-02 09:50:55.320669', 'Tiêu Quang Huy','Huy Tieu','Male','huytq@d.foundation','huytq123@gmail.com','https://s3-ap-southeast-1.amazonaws.com/fortress-images/3c420751-bb9a-4878-896e-2f10f3a633d6_avatar2535921977139052349.png','0123456789','Binh Thanh, Ho Chi Minh City','INFP-A','Libra',NULL,NULL,NULL,NULL,'1990-01-02','contractor','2018-09-01',NULL,NULL,NULL,'huytq','huytq','435844136025849876',NULL,NULL,NULL,NULL,NULL,NULL,NULL,NULL,NULL,NULL,'01fb6322-d727-47e3-a242-5039ea4732fd','39523061','2655832e-f009-4b73-a535-64c3a22e558f', 'discordName', 'notionName', 'huytq'),
('3f705527-0455-4e67-a585-6c1f23726fff', NULL, '2022-11-17 11:06:03.245183', '2022-11-17 11:06:03.245183', 'Giang Ngọc Huy','Huy Giang','Male','huy@dwarvesv.com','gnhuy123@gmail.com','https://s3-ap-southeast-1.amazonaws.com/fortress-images/261887286241984054.png','0123456789','Binh Tan District, Ho Chi Minh, Vietnam','ISFJ-A','Libra',NULL,NULL,NULL,NULL,'1991-11-11','full-time','2018-09-01',NULL,NULL,NULL,'huygn','huygn','435844136025849876',NULL,NULL,NULL,NULL,NULL,NULL,NULL,NULL,NULL,NULL,'01fb6322-d727-47e3-a242-5039ea4732fd','29088916','2655832e-f009-4b73-a535-64c3a22e558f', 'discordName', 'notionName', 'huy'),
('37e00d47-de69-4ac8-991b-cf3e39565c00', NULL, '2022-11-17 11:06:03.262847', '2022-11-17 11:06:03.262847', 'Phùng Thị Thương Thương','Thuong Phung','Female','thuongptt@dwarvesv.com','thuongphung123@gmail.com','https://s3-ap-southeast-1.amazonaws.com/fortress-images/7186955696154477566.png','0123456789','District 10, Ho Chi Minh, Vietnam','INFP-A','Scorpio',NULL,NULL,NULL,NULL,'1991-11-11','full-time','2021-05-17',NULL,NULL,NULL,'thuongphuong','thuongphuong','435844136025849876',NULL,NULL,NULL,NULL,NULL,NULL,NULL,NULL,NULL,NULL,'01fb6322-d727-47e3-a242-5039ea4732fc', '29088916','2655832e-f009-4b73-a535-64c3a22e558f', 'discordName', 'notionName', 'thuongptt'),
('fae443f8-e8ff-4eec-b86c-98216d7662d8', NULL, '2022-11-17 11:06:03.270325', '2022-11-17 11:06:03.270325', 'Ho Quang Toan','Toan Ho','Male','toanhq@dwarvesv.com','toanbku123@gmail.com','https://s3-ap-southeast-1.amazonaws.com/fortress-images/6674226719566030792.png','0123456789','Tam Phu ward, Thu Duc district','ISFJ-A','Libra',NULL,NULL,NULL,NULL,'1998-12-10','left','2022-05-25','2022-04-12',NULL,NULL,'toanhq','toanhq','236885900779454465',NULL,NULL,NULL,NULL,NULL,NULL,NULL,NULL,NULL,NULL,'dac16ce6-9e5a-4ff3-9ea2-fdea4853925e','26581472','2655832e-f009-4b73-a535-64c3a22e558f', 'discordName', 'notionName', 'toanhq'),
('ac318f73-0c8e-43ed-b00e-d230670dc400', NULL, '2022-11-17 11:06:03.271908', '2022-11-17 11:06:03.271908', 'Trần Diễm Quỳnh','Quynh Tran','Female','quynhtd@dwarvesv.com','quynhtd123@gmail.com','https://s3-ap-southeast-1.amazonaws.com/fortress-images/8900807301346129018.png','0123456789','Tay Ho','ISTJ-A','Aries',NULL,NULL,NULL,NULL,'2000-02-02','left','2022-05-25','2022-04-12',NULL,NULL,'quynhtd','quynhtd','236885900779454465',NULL,NULL,NULL,NULL,NULL,NULL,NULL,NULL,NULL,NULL,'dac16ce6-9e5a-4ff3-9ea2-fdea4853925e', '26581472','2655832e-f009-4b73-a535-64c3a22e558f', 'discordName', 'notionName', 'quynhtd'),
('d389d35e-c548-42cf-9f29-2a599969a8f2', NULL, '2022-11-17 11:06:03.267167', '2022-11-17 11:06:03.267167', 'Nguyễn Trần Minh Thảo','Thao Nguyen','Female','thaontm@dwarvesv.com','thaonguyen123@gmail.com','https://s3-ap-southeast-1.amazonaws.com/fortress-images/5348640939694049226.png','0123456789','Bình Tân District','INFP-A','Virgo',NULL,NULL,NULL,NULL,'1998-12-10','full-time','2021-05-17',NULL,NULL,NULL,'thaonguyen','thaonguyen','435844136025849876',NULL,NULL,NULL,NULL,NULL,NULL,NULL,NULL,NULL,NULL,'dac16ce6-9e5a-4ff3-9ea2-fdea4853925e', '29088916','2655832e-f009-4b73-a535-64c3a22e558f', 'discordName', 'notionName', 'thaontm'),
('a1f25e3e-cf40-4d97-a4d5-c27ee566b8c5', NULL, '2022-11-17 11:06:03.265726', '2022-11-17 11:06:03.265726', 'Phan Duy Cường','Cuong Phan','Male','cody@dwarvesv.com','cuongphan123@gmail.com','https://s3-ap-southeast-1.amazonaws.com/fortress-images/8465254073957996724.png','0123456789','Tan Binh Ward','ISFJ-A','Virgo',NULL,NULL,NULL,NULL,'1998-12-10','full-time','2021-05-17',NULL,NULL,NULL,'cuongphan','cuongphan','435844136025849876',NULL,NULL,NULL,NULL,NULL,NULL,NULL,NULL,NULL,NULL,'dac16ce6-9e5a-4ff3-9ea2-fdea4853925e', '29088916','2655832e-f009-4b73-a535-64c3a22e558f', 'discordName', 'notionName', 'cody'),
('498d5805-dd64-4643-902d-95067d6e5ab5', NULL, '2022-11-17 11:06:03.268733', '2022-11-17 11:06:03.268733', 'Võ Hải Biên','Bien Vo','Male','bean@dwarvesv.com','vhbien123@gmail.com','https://s3-ap-southeast-1.amazonaws.com/fortress-images/4114345912835654270.png','0123456789','Quận Thủ Đức - TPHCM','ISFJ-T','Libra',NULL,NULL,NULL,NULL,'1998-12-10','full-time','2021-05-17',NULL,NULL,NULL,'vhbien','vhbien','236885900779454465',NULL,NULL,NULL,NULL,NULL,NULL,NULL,NULL,NULL,NULL,'dac16ce6-9e5a-4ff3-9ea2-fdea4853925e', '29088916','2655832e-f009-4b73-a535-64c3a22e558f', 'discordName', 'notionName', 'bean'),
('f6ce0d0f-5794-463b-ad0b-8240ab9c49be', NULL, '2022-11-17 11:06:03.276614', '2022-11-17 11:06:03.276614', 'Nguyễn Hoàng Anh','Anh Nguyen','Male','anhnh@dwarvesv.com','nguyenanh123@gmail.com','https://s3-ap-southeast-1.amazonaws.com/fortress-images/3274097965772922906.png','0123456789','Q.Tân Bình, TP.HCM','INFP-A','Aries',NULL,NULL,NULL,NULL,'2000-02-02','full-time','2022-05-25',NULL,NULL,NULL,'anhnh','anhnh','236885900779454465',NULL,NULL,NULL,NULL,NULL,NULL,NULL,NULL,NULL,NULL,'d796884d-a8c4-4525-81e7-54a3b6099eac', '26581472','2655832e-f009-4b73-a535-64c3a22e558f', 'discordName', 'notionName', 'anhnh'),
('061820c0-bf6c-4b4a-9753-875f75d71a2c', NULL, '2022-11-17 11:06:03.278004', '2022-11-17 11:06:03.278004', 'Vong Tieu Hung','Hung Vong','Male','hungvt@dwarvesv.com','tieuhung123@gmail.com','https://s3-ap-southeast-1.amazonaws.com/fortress-images/5762098830282049280.png','0123456789','Thu Duc','INFP-A','Aries',NULL,NULL,NULL,NULL,'1995-04-05','probation','2022-05-25',NULL,NULL,NULL,'hungvong','hungvong','205167514731151360',NULL,NULL,NULL,NULL,NULL,NULL,NULL,NULL,NULL,NULL,'d796884d-a8c4-4525-81e7-54a3b6099eac', '26581472','2655832e-f009-4b73-a535-64c3a22e558f', 'discordName', 'notionName', 'hungvt'),
('d675dfc5-acbe-4566-acde-f7cb132c0206', NULL, '2022-11-17 11:06:03.281048', '2022-11-17 11:06:03.281048', 'Le Nguyen An Khang','Khang Le','Male','khanglna@dwarvesv.com','khangle123@gmail.com','https://s3-ap-southeast-1.amazonaws.com/fortress-images/4368900905892223171.png','0123456789','Binh Thanh District','ENFJ-A','Libra',NULL,NULL,NULL,NULL,'1995-04-05','probation','2022-05-25',NULL,NULL,NULL,'khangle','khangle','205167514731151360',NULL,NULL,NULL,NULL,NULL,NULL,NULL,NULL,NULL,NULL,'11ccffea-2cc9-4e98-9bef-3464dfe4dec8', '26581472','2655832e-f009-4b73-a535-64c3a22e558f', 'discordName', 'notionName', 'khanglna'),
('8d7c99c0-3253-4286-93a9-e7554cb327ef', NULL, '2022-11-02 09:50:55.320669', '2022-11-02 09:50:55.320669', 'Nguyễn Hải Nam','Nam Nguyen','Male','benjamin@d.foundation','nam123@gmail.com','https://s3-ap-southeast-1.amazonaws.com/fortress-images/8399103964540935617.png','0123456789','District 7, Ho Chi Minh City','ENFJ-A','Libra',NULL,NULL,NULL,NULL,'1990-01-02','probation','2018-09-01',NULL,NULL,NULL,'namnh','namnh','646649040771219476',NULL,NULL,NULL,NULL,NULL,NULL,NULL,NULL,NULL,NULL,'01fb6322-d727-47e3-a242-5039ea4732fd','39523061','2655832e-f009-4b73-a535-64c3a22e558f', 'discordName', 'notionName', 'benjamin'),
('eeae589a-94e3-49ac-a94c-fcfb084152b2', NULL, '2022-11-02 09:50:55.320669', '2022-11-02 09:50:55.320669', 'Nguyễn Ngô Lập','Lap Nguyen','Male','alan@d.foundation','lap123@gmail.com','https://s3-ap-southeast-1.amazonaws.com/fortress-images/2870969541970972723.png','0123456789','Binh chanh, Ho Chi Minh City','ENFJ-A','Libra',NULL,NULL,NULL,NULL,'1990-01-02','probation','2018-09-01',NULL,NULL,NULL,'lapnn','lapnn','646649040771219476',NULL,NULL,NULL,NULL,NULL,NULL,NULL,NULL,NULL,NULL,'01fb6322-d727-47e3-a242-5039ea4732fd','39523061','2655832e-f009-4b73-a535-64c3a22e558f', 'discordName', 'notionName', 'alan'),
('d1b1dcbe-f4ed-49cc-a16b-56c9a3145c14', NULL, '2022-11-17 11:06:03.255694', '2022-11-17 11:06:03.255694', 'Nghiêm Minh Đức','Duc Nghiem','Male','duc@dwarvesv.com','ducnghiem123@gmail.com','https://s3-ap-southeast-1.amazonaws.com/fortress-images/3851063061598282120.png','0123456789','Tan Binh District, Ho Chi Minh, Vietnam','INTJ-S','Scorpio',NULL,NULL,NULL,NULL,'1991-11-11','probation','2021-05-17',NULL,NULL,NULL,'duc','duc','435844136025849876',NULL,NULL,NULL,NULL,NULL,NULL,NULL,NULL,NULL,NULL,'01fb6322-d727-47e3-a242-5039ea4732fc','29088916','2655832e-f009-4b73-a535-64c3a22e558f', 'discordName', 'notionName', 'duc'),
('7bcf4b45-0279-4da2-84e4-eec5d9d05ba3', NULL, '2022-11-17 11:06:03.261104', '2022-11-17 11:06:03.261104', 'Nguyễn Lâm Ngọc Duy','Duy Nguyen','Female','mia@dwarvesv.com','ngocduy123@gmail.com','https://s3-ap-southeast-1.amazonaws.com/fortress-images/7186955696154477566.png','0123456789','Binh An, District 2, Ho Chi Minh, Vietnam','INTJ-S','Scorpio',NULL,NULL,NULL,NULL,'1991-11-11','full-time','2021-05-17',NULL,NULL,NULL,'mia','mia','435844136025849876',NULL,NULL,NULL,NULL,NULL,NULL,NULL,NULL,NULL,NULL,'01fb6322-d727-47e3-a242-5039ea4732fc','29088916','2655832e-f009-4b73-a535-64c3a22e558f', 'discordName', 'notionName', 'mia'),
('7fbfb59b-e00e-46b2-85cd-64f9f9942daa', NULL, '2022-11-17 11:06:03.27344', '2022-11-17 11:06:03.27344', 'Đoàn Tấn Đạt','Dat Doan','Male','datdt@dwarvesv.com','doandat123@gmail.com','https://s3-ap-southeast-1.amazonaws.com/fortress-images/1105085008506574007.png','0123456789','Binh Tan District, Ho Chi Minh, Vietnam','INFP-A','Aries',NULL,NULL,NULL,NULL,'2000-02-02','left','2022-05-25','2022-04-12',NULL,NULL,'datdt','datdt','236885900779454465',NULL,NULL,NULL,NULL,NULL,NULL,NULL,NULL,NULL,NULL,'d796884d-a8c4-4525-81e7-54a3b6099eac','26581472','2655832e-f009-4b73-a535-64c3a22e558f','discordName', 'notionName', 'datdt');

INSERT INTO public.social_accounts (id, deleted_at, created_at, updated_at, employee_id, type, account_id, name, email) VALUES
('f7493895-f37f-406d-a610-1ead7339112f', null, '2023-02-04 19:51:52.576530', '2023-02-04 19:51:52.576530', 'f7c6016b-85b5-47f7-8027-23c2db482197', 'github', 'ducnv', 'ducnv', null),
('b9ecb5a4-4658-4e1a-ba3a-433ad087eb79', null, '2023-02-04 19:51:52.576530', '2023-02-04 19:51:52.576530', 'd42a6fca-d3b8-4a48-80f7-a95772abda56', 'github', 'truongnguyen', 'truongnguyen', null),
('fbbf573c-72b1-41a2-b092-ae4c177ef285', null, '2023-02-04 19:51:52.576530', '2023-02-04 19:51:52.576530', 'dcfee24b-306d-4609-9c24-a4021639a11b', 'github', 'quynhle', 'quynhle', null),
('aea004b5-27e1-437c-8263-1129347ccba7', null, '2023-02-04 19:51:52.576530', '2023-02-04 19:51:52.576530', '38a00d4a-bc45-41de-965a-adc674ab82c9', 'github', 'nguyennh', 'nguyennh', null),
('41ccbccf-cde9-4ff4-8175-c9eb3cbe00a5', null, '2023-02-04 19:51:52.576530', '2023-02-04 19:51:52.576530', 'ecea9d15-05ba-4a4e-9787-54210e3b98ce', 'github', 'huynguyen', 'huynguyen', null),
('9004bc6a-10a0-4a10-957a-ed546b369e69', null, '2023-02-04 19:51:52.576530', '2023-02-04 19:51:52.576530', '2655832e-f009-4b73-a535-64c3a22e558f', 'github', 'thanhpham', 'thanhpham', null),
('eb19b10f-b949-4fd1-8d28-5854df3cc5ad', null, '2023-02-04 19:51:52.576530', '2023-02-04 19:51:52.576530', '608ea227-45a5-4c8a-af43-6c7280d96340', 'github', 'huytq', 'huytq', null),
('d1e96a8b-868a-4b1d-975f-6401fccc5a72', null, '2023-02-04 19:51:52.576530', '2023-02-04 19:51:52.576530', '3f705527-0455-4e67-a585-6c1f23726fff', 'github', 'huygn', 'huygn', null),
('8d2f0d84-8c26-47a4-a9d2-ae18f0872fc5', null, '2023-02-04 19:51:52.576530', '2023-02-04 19:51:52.576530', '37e00d47-de69-4ac8-991b-cf3e39565c00', 'github', 'thuongphuong', 'thuongphuong', null),
('138b3c08-817e-436e-adf0-144962ebebef', null, '2023-02-04 19:51:52.576530', '2023-02-04 19:51:52.576530', 'fae443f8-e8ff-4eec-b86c-98216d7662d8', 'github', 'toanhq', 'toanhq', null),
('6a44a4e1-3b18-472a-83cc-e41b15b73596', null, '2023-02-04 19:51:52.576530', '2023-02-04 19:51:52.576530', 'ac318f73-0c8e-43ed-b00e-d230670dc400', 'github', 'quynhtd', 'quynhtd', null),
('cedb891f-4842-4f0f-8ea8-4d5fb399b34f', null, '2023-02-04 19:51:52.576530', '2023-02-04 19:51:52.576530', 'd389d35e-c548-42cf-9f29-2a599969a8f2', 'github', 'thaonguyen', 'thaonguyen', null),
('3d7ecab9-9fec-463d-9c54-c159ea224c65', null, '2023-02-04 19:51:52.576530', '2023-02-04 19:51:52.576530', 'a1f25e3e-cf40-4d97-a4d5-c27ee566b8c5', 'github', 'cuongphan', 'cuongphan', null),
('31419f40-7bdc-4369-835c-13a198f2e2b8', null, '2023-02-04 19:51:52.576530', '2023-02-04 19:51:52.576530', '498d5805-dd64-4643-902d-95067d6e5ab5', 'github', 'vhbien', 'vhbien', null),
('085ba4e0-a5e4-4c13-ad06-43fb7279d11d', null, '2023-02-04 19:51:52.576530', '2023-02-04 19:51:52.576530', 'f6ce0d0f-5794-463b-ad0b-8240ab9c49be', 'github', 'anhnh', 'anhnh', null),
('159b3992-c06f-4d6e-bd32-050a4c8404e2', null, '2023-02-04 19:51:52.576530', '2023-02-04 19:51:52.576530', '061820c0-bf6c-4b4a-9753-875f75d71a2c', 'github', 'hungvong', 'hungvong', null),
('34c3bebf-2dee-48bd-a0d1-449db9fa273f', null, '2023-02-04 19:51:52.576530', '2023-02-04 19:51:52.576530', 'd675dfc5-acbe-4566-acde-f7cb132c0206', 'github', 'khangle', 'khangle', null),
('e9e0dae3-258d-49a9-9627-900b4394a0fc', null, '2023-02-04 19:51:52.576530', '2023-02-04 19:51:52.576530', '8d7c99c0-3253-4286-93a9-e7554cb327ef', 'github', 'namnh', 'namnh', null),
('9fb27a1d-7a37-45c0-886c-d81eca172bc3', null, '2023-02-04 19:51:52.576530', '2023-02-04 19:51:52.576530', 'eeae589a-94e3-49ac-a94c-fcfb084152b2', 'github', 'lapnn', 'lapnn', null),
('c9039b9a-20b0-4743-8b1f-1eec0b69c1f3', null, '2023-02-04 19:51:52.576530', '2023-02-04 19:51:52.576530', 'd1b1dcbe-f4ed-49cc-a16b-56c9a3145c14', 'github', 'duc', 'duc', null),
('91a5c209-ab92-477f-854d-95942fb3c852', null, '2023-02-04 19:51:52.576530', '2023-02-04 19:51:52.576530', '7bcf4b45-0279-4da2-84e4-eec5d9d05ba3', 'github', 'mia', 'mia', null),
('12ff932f-3fa3-4607-aa4e-49ceaee23668', null, '2023-02-04 19:51:52.576530', '2023-02-04 19:51:52.576530', '7fbfb59b-e00e-46b2-85cd-64f9f9942daa', 'github', 'datdt', 'datdt', null),
('df7a6b1e-c939-4648-ba4e-d36d1c5b1c68', null, '2023-02-04 19:51:52.593629', '2023-02-04 19:51:52.593629', 'f7c6016b-85b5-47f7-8027-23c2db482197', 'gitlab', 'ducnv', 'ducnv', null),
('ea39be4f-45c1-48ab-a6d0-36db912bc170', null, '2023-02-04 19:51:52.593629', '2023-02-04 19:51:52.593629', 'd42a6fca-d3b8-4a48-80f7-a95772abda56', 'gitlab', 'truongnguyen', 'truongnguyen', null),
('49fe7423-387b-480a-8a99-b04497441369', null, '2023-02-04 19:51:52.593629', '2023-02-04 19:51:52.593629', 'dcfee24b-306d-4609-9c24-a4021639a11b', 'gitlab', 'quynhle', 'quynhle', null),
('e5674686-bff2-4419-ad10-2098847e7a7b', null, '2023-02-04 19:51:52.593629', '2023-02-04 19:51:52.593629', '38a00d4a-bc45-41de-965a-adc674ab82c9', 'gitlab', 'nguyennh', 'nguyennh', null),
('acc185e4-3f22-4187-aef6-61718128b96d', null, '2023-02-04 19:51:52.593629', '2023-02-04 19:51:52.593629', 'ecea9d15-05ba-4a4e-9787-54210e3b98ce', 'gitlab', 'huynguyen', 'huynguyen', null),
('59a0555f-d587-4b1e-83d0-5fff47a9e493', null, '2023-02-04 19:51:52.593629', '2023-02-04 19:51:52.593629', '2655832e-f009-4b73-a535-64c3a22e558f', 'gitlab', 'thanhpham', 'thanhpham', null),
('7b05c21f-cfc8-403b-bb99-7648d2b3a69c', null, '2023-02-04 19:51:52.593629', '2023-02-04 19:51:52.593629', '608ea227-45a5-4c8a-af43-6c7280d96340', 'gitlab', 'huytq', 'huytq', null),
('170532e2-3982-4359-858d-f0fb75725829', null, '2023-02-04 19:51:52.593629', '2023-02-04 19:51:52.593629', '3f705527-0455-4e67-a585-6c1f23726fff', 'gitlab', 'huygn', 'huygn', null),
('bc7f3813-ce7f-4757-9832-b2996610f52b', null, '2023-02-04 19:51:52.593629', '2023-02-04 19:51:52.593629', '37e00d47-de69-4ac8-991b-cf3e39565c00', 'gitlab', 'thuongphuong', 'thuongphuong', null),
('ee1b1d36-6454-4ca3-97b4-27cad9409c47', null, '2023-02-04 19:51:52.593629', '2023-02-04 19:51:52.593629', 'fae443f8-e8ff-4eec-b86c-98216d7662d8', 'gitlab', 'toanhq', 'toanhq', null),
('23154dda-0c2a-4cfd-94b1-b811cb749ecd', null, '2023-02-04 19:51:52.593629', '2023-02-04 19:51:52.593629', 'ac318f73-0c8e-43ed-b00e-d230670dc400', 'gitlab', 'quynhtd', 'quynhtd', null),
('186ea8d7-7964-43b4-b21c-671ac39f3e25', null, '2023-02-04 19:51:52.593629', '2023-02-04 19:51:52.593629', 'd389d35e-c548-42cf-9f29-2a599969a8f2', 'gitlab', 'thaonguyen', 'thaonguyen', null),
('54203700-9dfa-44eb-948b-77e810464dd8', null, '2023-02-04 19:51:52.593629', '2023-02-04 19:51:52.593629', 'a1f25e3e-cf40-4d97-a4d5-c27ee566b8c5', 'gitlab', 'cuongphan', 'cuongphan', null),
('275f1c2c-eefa-4548-b86b-cbc32f127250', null, '2023-02-04 19:51:52.593629', '2023-02-04 19:51:52.593629', '498d5805-dd64-4643-902d-95067d6e5ab5', 'gitlab', 'vhbien', 'vhbien', null),
('0e96d98d-4259-4b74-974f-f0d2e4cc798b', null, '2023-02-04 19:51:52.593629', '2023-02-04 19:51:52.593629', 'f6ce0d0f-5794-463b-ad0b-8240ab9c49be', 'gitlab', 'anhnh', 'anhnh', null),
('9497388d-45f4-453c-bedb-33b2f8f4e130', null, '2023-02-04 19:51:52.593629', '2023-02-04 19:51:52.593629', '061820c0-bf6c-4b4a-9753-875f75d71a2c', 'gitlab', 'hungvong', 'hungvong', null),
('e1e1a43d-7881-4045-a66f-2dcc5879a411', null, '2023-02-04 19:51:52.593629', '2023-02-04 19:51:52.593629', 'd675dfc5-acbe-4566-acde-f7cb132c0206', 'gitlab', 'khangle', 'khangle', null),
('fd8d4c4e-e566-4160-8a94-d69cf8ec99a0', null, '2023-02-04 19:51:52.593629', '2023-02-04 19:51:52.593629', '8d7c99c0-3253-4286-93a9-e7554cb327ef', 'gitlab', 'namnh', 'namnh', null),
('d4acf308-7a97-4d1d-bd80-076c8f1fff86', null, '2023-02-04 19:51:52.593629', '2023-02-04 19:51:52.593629', 'eeae589a-94e3-49ac-a94c-fcfb084152b2', 'gitlab', 'lapnn', 'lapnn', null),
('9dd7794b-570f-48e9-8e49-117a06426558', null, '2023-02-04 19:51:52.593629', '2023-02-04 19:51:52.593629', 'd1b1dcbe-f4ed-49cc-a16b-56c9a3145c14', 'gitlab', 'duc', 'duc', null),
('94ecbd4d-f43d-457b-ad32-f1c35fa7d21a', null, '2023-02-04 19:51:52.593629', '2023-02-04 19:51:52.593629', '7bcf4b45-0279-4da2-84e4-eec5d9d05ba3', 'gitlab', 'mia', 'mia', null),
('c4c4223a-1d70-45fe-8331-9c15cc8a8905', null, '2023-02-04 19:51:52.593629', '2023-02-04 19:51:52.593629', '7fbfb59b-e00e-46b2-85cd-64f9f9942daa', 'gitlab', 'datdt', 'datdt', null),
('77797422-3761-4430-8892-931689cc94b7', null, '2023-02-04 19:51:52.608077', '2023-02-04 19:51:52.608077', 'f7c6016b-85b5-47f7-8027-23c2db482197', 'notion', '26581472', 'notionName', null),
('08170445-752e-465a-97e9-e17567f42e54', null, '2023-02-04 19:51:52.608077', '2023-02-04 19:51:52.608077', 'd42a6fca-d3b8-4a48-80f7-a95772abda56', 'notion', '26581472', 'notionName', null),
('a1f02453-547d-4c8d-8d22-3eccb043dfec', null, '2023-02-04 19:51:52.608077', '2023-02-04 19:51:52.608077', 'dcfee24b-306d-4609-9c24-a4021639a11b', 'notion', '29088916', 'notionName', null),
('d10ea88b-fa72-465b-8f53-94e14f6d1127', null, '2023-02-04 19:51:52.608077', '2023-02-04 19:51:52.608077', '38a00d4a-bc45-41de-965a-adc674ab82c9', 'notion', '26581472', 'notionName', null),
('32d439e1-30b5-45a3-a749-b8976df155a5', null, '2023-02-04 19:51:52.608077', '2023-02-04 19:51:52.608077', 'ecea9d15-05ba-4a4e-9787-54210e3b98ce', 'notion', '39523061', 'notionName', null),
('7e956bcf-fa89-412a-841b-975dc15e0b0e', null, '2023-02-04 19:51:52.608077', '2023-02-04 19:51:52.608077', '2655832e-f009-4b73-a535-64c3a22e558f', 'notion', '39523061', 'notionName', null),
('6cec02f4-2afe-4524-a047-56ade1421b49', null, '2023-02-04 19:51:52.608077', '2023-02-04 19:51:52.608077', '608ea227-45a5-4c8a-af43-6c7280d96340', 'notion', '39523061', 'notionName', null),
('027d4e36-5344-472a-90cd-eee53172aba1', null, '2023-02-04 19:51:52.608077', '2023-02-04 19:51:52.608077', '3f705527-0455-4e67-a585-6c1f23726fff', 'notion', '29088916', 'notionName', null),
('74b5cda4-f2ac-4235-ab54-9de5ff32be17', null, '2023-02-04 19:51:52.608077', '2023-02-04 19:51:52.608077', '37e00d47-de69-4ac8-991b-cf3e39565c00', 'notion', '29088916', 'notionName', null),
('36623e05-cd3f-49bc-a57b-05aaa271986d', null, '2023-02-04 19:51:52.608077', '2023-02-04 19:51:52.608077', 'fae443f8-e8ff-4eec-b86c-98216d7662d8', 'notion', '26581472', 'notionName', null),
('492a8ea0-5517-4cb3-839b-c92c1493ed3a', null, '2023-02-04 19:51:52.608077', '2023-02-04 19:51:52.608077', 'ac318f73-0c8e-43ed-b00e-d230670dc400', 'notion', '26581472', 'notionName', null),
('4ae6102a-c6db-4ce6-bcc3-fe93bd5aafb3', null, '2023-02-04 19:51:52.608077', '2023-02-04 19:51:52.608077', 'd389d35e-c548-42cf-9f29-2a599969a8f2', 'notion', '29088916', 'notionName', null),
('9d6ab647-9258-4e57-ab48-51a85cc15582', null, '2023-02-04 19:51:52.608077', '2023-02-04 19:51:52.608077', 'a1f25e3e-cf40-4d97-a4d5-c27ee566b8c5', 'notion', '29088916', 'notionName', null),
('6e8d3226-6b23-4e9f-b327-d5c23961e781', null, '2023-02-04 19:51:52.608077', '2023-02-04 19:51:52.608077', '498d5805-dd64-4643-902d-95067d6e5ab5', 'notion', '29088916', 'notionName', null),
('3dd9945f-f5aa-4b10-bb81-d111ae6831ee', null, '2023-02-04 19:51:52.608077', '2023-02-04 19:51:52.608077', 'f6ce0d0f-5794-463b-ad0b-8240ab9c49be', 'notion', '26581472', 'notionName', null),
('17a61b99-e3a8-4207-870e-9b6ad4a50773', null, '2023-02-04 19:51:52.608077', '2023-02-04 19:51:52.608077', '061820c0-bf6c-4b4a-9753-875f75d71a2c', 'notion', '26581472', 'notionName', null),
('bf6be6c3-9814-465c-b3c2-f4ca3a5592f5', null, '2023-02-04 19:51:52.608077', '2023-02-04 19:51:52.608077', 'd675dfc5-acbe-4566-acde-f7cb132c0206', 'notion', '26581472', 'notionName', null),
('83c82c09-3b18-4a8e-9803-fffce799f828', null, '2023-02-04 19:51:52.608077', '2023-02-04 19:51:52.608077', '8d7c99c0-3253-4286-93a9-e7554cb327ef', 'notion', '39523061', 'notionName', null),
('c888348f-cf63-4e7e-ad5d-825fadeafbe7', null, '2023-02-04 19:51:52.608077', '2023-02-04 19:51:52.608077', 'eeae589a-94e3-49ac-a94c-fcfb084152b2', 'notion', '39523061', 'notionName', null),
('7fe7b207-e609-4196-a96f-0c29fc30935b', null, '2023-02-04 19:51:52.608077', '2023-02-04 19:51:52.608077', 'd1b1dcbe-f4ed-49cc-a16b-56c9a3145c14', 'notion', '29088916', 'notionName', null),
('f6da8c1e-e46c-4cc6-b9ba-6dbeedd84ce4', null, '2023-02-04 19:51:52.608077', '2023-02-04 19:51:52.608077', '7bcf4b45-0279-4da2-84e4-eec5d9d05ba3', 'notion', '29088916', 'notionName', null),
('1f30b7f1-d3a4-45fd-bfba-c2d167f2c523', null, '2023-02-04 19:51:52.608077', '2023-02-04 19:51:52.608077', '7fbfb59b-e00e-46b2-85cd-64f9f9942daa', 'notion', '26581472', 'notionName', null),
('d27a8c97-e1c0-45ec-8fae-1bbcbf340c09', null, '2023-02-04 19:51:52.622114', '2023-02-04 19:51:52.622114', 'f7c6016b-85b5-47f7-8027-23c2db482197', 'discord', '100000000000000001', 'discordName', null),
('343f18f0-ccfd-4de9-8313-72ac4065c345', null, '2023-02-04 19:51:52.622114', '2023-02-04 19:51:52.622114', 'd42a6fca-d3b8-4a48-80f7-a95772abda56', 'discord', '100000000000000002', 'discordName', null),
('fe6a9d3e-987f-4e07-a662-105ee1234e4f', null, '2023-02-04 19:51:52.622114', '2023-02-04 19:51:52.622114', 'dcfee24b-306d-4609-9c24-a4021639a11b', 'discord', '100000000000000003', 'discordName', null),
('8545c5fd-ce2a-42e1-b45c-63abba919fb1', null, '2023-02-04 19:51:52.622114', '2023-02-04 19:51:52.622114', '38a00d4a-bc45-41de-965a-adc674ab82c9', 'discord', '100000000000000004', 'discordName', null),
('fc175e16-c577-4853-b0a8-2d6ff39b17d7', null, '2023-02-04 19:51:52.622114', '2023-02-04 19:51:52.622114', 'ecea9d15-05ba-4a4e-9787-54210e3b98ce', 'discord', '100000000000000005', 'discordName', null),
('bff86490-77cf-4900-8dac-b6e9690f4a5a', null, '2023-02-04 19:51:52.622114', '2023-02-04 19:51:52.622114', '2655832e-f009-4b73-a535-64c3a22e558f', 'discord', '100000000000000006', 'discordName', null),
('cc850621-fa42-4d85-aade-fcc8aa640567', null, '2023-02-04 19:51:52.622114', '2023-02-04 19:51:52.622114', '608ea227-45a5-4c8a-af43-6c7280d96340', 'discord', '100000000000000007', 'discordName', null),
('32a5a4f7-4940-4e2f-b14a-19dcdd1c15f9', null, '2023-02-04 19:51:52.622114', '2023-02-04 19:51:52.622114', '3f705527-0455-4e67-a585-6c1f23726fff', 'discord', '100000000000000008', 'discordName', null),
('52283281-799c-4b06-a272-bdd7b8ff2b58', null, '2023-02-04 19:51:52.622114', '2023-02-04 19:51:52.622114', '37e00d47-de69-4ac8-991b-cf3e39565c00', 'discord', '100000000000000009', 'discordName', null),
('a90cfaf2-3eaf-4407-a95f-f3d8784d02e9', null, '2023-02-04 19:51:52.622114', '2023-02-04 19:51:52.622114', 'fae443f8-e8ff-4eec-b86c-98216d7662d8', 'discord', '100000000000000010', 'discordName', null),
('0f9202bc-ea14-4bbe-b967-25a084552cfc', null, '2023-02-04 19:51:52.622114', '2023-02-04 19:51:52.622114', 'ac318f73-0c8e-43ed-b00e-d230670dc400', 'discord', '100000000000000011', 'discordName', null),
('89a246cc-59b3-4e2f-a305-ad0c9d7b0000', null, '2023-02-04 19:51:52.622114', '2023-02-04 19:51:52.622114', 'd389d35e-c548-42cf-9f29-2a599969a8f2', 'discord', '100000000000000012', 'discordName', null),
('421379fb-f0d5-4c7a-a74d-f61e455ceccb', null, '2023-02-04 19:51:52.622114', '2023-02-04 19:51:52.622114', 'a1f25e3e-cf40-4d97-a4d5-c27ee566b8c5', 'discord', '100000000000000013', 'discordName', null),
('a60c5234-20d1-40b4-b3da-37281e3ca1f6', null, '2023-02-04 19:51:52.622114', '2023-02-04 19:51:52.622114', '498d5805-dd64-4643-902d-95067d6e5ab5', 'discord', '100000000000000014', 'discordName', null),
('2a8b18d9-b012-4fcb-a2b2-e468dcd3c316', null, '2023-02-04 19:51:52.622114', '2023-02-04 19:51:52.622114', 'f6ce0d0f-5794-463b-ad0b-8240ab9c49be', 'discord', '100000000000000015', 'discordName', null),
('85c70959-6c92-41eb-8b7f-4105105e113b', null, '2023-02-04 19:51:52.622114', '2023-02-04 19:51:52.622114', '061820c0-bf6c-4b4a-9753-875f75d71a2c', 'discord', '100000000000000016', 'discordName', null),
('415373fb-ea54-41a2-9f60-c6627e53cfc3', null, '2023-02-04 19:51:52.622114', '2023-02-04 19:51:52.622114', 'd675dfc5-acbe-4566-acde-f7cb132c0206', 'discord', '100000000000000017', 'discordName', null),
('c99e2c25-cdc2-481b-8f49-a6584693ad52', null, '2023-02-04 19:51:52.622114', '2023-02-04 19:51:52.622114', '8d7c99c0-3253-4286-93a9-e7554cb327ef', 'discord', '100000000000000018', 'discordName', null),
('416c169c-e2b2-425e-9f86-9671ce350aa9', null, '2023-02-04 19:51:52.622114', '2023-02-04 19:51:52.622114', 'eeae589a-94e3-49ac-a94c-fcfb084152b2', 'discord', '100000000000000019', 'discordName', null),
('87777949-4411-42af-8b41-c3950d8b3733', null, '2023-02-04 19:51:52.622114', '2023-02-04 19:51:52.622114', 'd1b1dcbe-f4ed-49cc-a16b-56c9a3145c14', 'discord', '100000000000000020', 'discordName', null),
('ded13922-7920-4625-98fb-a4c5e7d75cb6', null, '2023-02-04 19:51:52.622114', '2023-02-04 19:51:52.622114', '7bcf4b45-0279-4da2-84e4-eec5d9d05ba3', 'discord', '100000000000000021', 'discordName', null),
('1f0404ef-3a15-44b9-81a1-157a63650aaf', null, '2023-02-04 19:51:52.622114', '2023-02-04 19:51:52.622114', '7fbfb59b-e00e-46b2-85cd-64f9f9942daa', 'discord', '100000000000000022', 'discordName', null);

INSERT INTO discord_accounts (id, deleted_at, created_at, updated_at, discord_id, username)
SELECT id, deleted_at, created_at, updated_at, account_id, name
FROM social_accounts
WHERE type = 'discord';

UPDATE employees e
SET discord_account_id = da.id
    FROM discord_accounts da
JOIN social_accounts sa ON da.discord_id = sa.account_id
WHERE sa.type = 'discord' and e.id = sa.employee_id;

INSERT INTO public.employee_mentees (id, deleted_at, created_at, updated_at, mentor_id, mentee_id) VALUES 
('08d1943c-8c76-483c-a072-e1b0ee43b44d', null, '2022-12-28 06:53:50.493322', '2022-12-28 06:53:50.493322', '2655832e-f009-4b73-a535-64c3a22e558f', 'fae443f8-e8ff-4eec-b86c-98216d7662d8'),
('3af69454-f681-40dc-b59a-4c7961c7a559', null, '2022-12-28 06:53:50.493322', '2022-12-28 06:53:50.493322', '2655832e-f009-4b73-a535-64c3a22e558f', 'ac318f73-0c8e-43ed-b00e-d230670dc400'),
('834fe97b-d1a2-4408-a640-b4c07b7d1336', null, '2022-12-28 06:53:50.493322', '2022-12-28 06:53:50.493322', '2655832e-f009-4b73-a535-64c3a22e558f', 'd389d35e-c548-42cf-9f29-2a599969a8f2'),
('19c16205-6ce1-40bf-8428-6197adb0a707', null, '2022-12-28 06:53:50.493322', '2022-12-28 06:53:50.493322', '2655832e-f009-4b73-a535-64c3a22e558f', 'a1f25e3e-cf40-4d97-a4d5-c27ee566b8c5'),
('a2f79be5-b8c6-4585-8710-a528698c1efc', null, '2022-12-28 06:53:50.493322', '2022-12-28 06:53:50.493322', '2655832e-f009-4b73-a535-64c3a22e558f', '498d5805-dd64-4643-902d-95067d6e5ab5'),
('99398307-1c37-472a-9115-d3bbc3772659', null, '2022-12-28 06:53:50.493322', '2022-12-28 06:53:50.493322', '2655832e-f009-4b73-a535-64c3a22e558f', 'f6ce0d0f-5794-463b-ad0b-8240ab9c49be');

UPDATE chapters SET lead_id = '8d7c99c0-3253-4286-93a9-e7554cb327ef' WHERE id = '11ccffea-2cc9-4e98-9bef-3464dfe4dec8';

INSERT INTO public.employee_roles (id, deleted_at, created_at, updated_at, employee_id, role_id) VALUES
('f40ead54-dc57-40d5-9c6a-4f22341ee7d2', NULL, '2022-11-11 18:36:31.657696', '2022-11-11 18:36:31.657696', 'ecea9d15-05ba-4a4e-9787-54210e3b98ce', '11ccffea-2cc9-4e98-9bef-3464dfe4dec8'),
('3fd72903-cebb-4519-82c2-4c8f096a272b', NULL, '2022-11-11 18:36:31.657696', '2022-11-11 18:36:31.657696', 'eeae589a-94e3-49ac-a94c-fcfb084152b2', '11ccffea-2cc9-4e98-9bef-3464dfe4dec8'),
('b3c27435-eb39-400b-a94b-7bf8218b8b3e', NULL, '2022-11-11 18:36:31.657696', '2022-11-11 18:36:31.657696', '2655832e-f009-4b73-a535-64c3a22e558f', '11ccffea-2cc9-4e98-9bef-3464dfe4dec8'),
('5bfea659-4912-4668-ae28-644083595aa6', NULL, '2022-11-11 18:36:31.657696', '2022-11-11 18:36:31.657696', '608ea227-45a5-4c8a-af43-6c7280d96340', 'd796884d-a8c4-4525-81e7-54a3b6099eac'),
('178a7b5c-ddac-445d-9045-09d3b6b04431', NULL, '2022-11-11 18:36:31.657696', '2022-11-11 18:36:31.657696', '8d7c99c0-3253-4286-93a9-e7554cb327ef', '11ccffea-2cc9-4e98-9bef-3464dfe4dec8'),
('eb45824b-38c0-4ca9-84c0-a9e3cd9020e3', NULL, '2022-11-17 11:53:14.690017', '2022-11-17 11:53:14.690017', '3f705527-0455-4e67-a585-6c1f23726fff', 'd796884d-a8c4-4525-81e7-54a3b6099eac'),
('12bf24b0-b95a-4be4-8cf8-c57e9058a278', NULL, '2022-11-17 11:53:14.690017', '2022-11-17 11:53:14.690017', 'd1b1dcbe-f4ed-49cc-a16b-56c9a3145c14', 'd796884d-a8c4-4525-81e7-54a3b6099eac'),
('37282ed4-01a7-4cdc-af50-e5393e957e14', NULL, '2022-11-17 11:53:14.690017', '2022-11-17 11:53:14.690017', '7bcf4b45-0279-4da2-84e4-eec5d9d05ba3', 'd796884d-a8c4-4525-81e7-54a3b6099eac'),
('bd9500a6-29b9-4d00-a326-22983d10d834', NULL, '2022-11-17 11:53:14.690017', '2022-11-17 11:53:14.690017', '37e00d47-de69-4ac8-991b-cf3e39565c00', 'd796884d-a8c4-4525-81e7-54a3b6099eac'),
('29c3976d-f937-4acc-956b-0bc61011cea5', NULL, '2022-11-17 11:53:14.690017', '2022-11-17 11:53:14.690017', 'dcfee24b-306d-4609-9c24-a4021639a11b', 'd796884d-a8c4-4525-81e7-54a3b6099eac'),
('4a819c90-0861-4902-9f73-520727ac01bd', NULL, '2022-11-17 11:53:14.690017', '2022-11-17 11:53:14.690017', 'a1f25e3e-cf40-4d97-a4d5-c27ee566b8c5', 'd796884d-a8c4-4525-81e7-54a3b6099eac'),
('61dfa7c3-4b1f-43af-960e-e4a4080b37de', NULL, '2022-11-17 11:53:14.690017', '2022-11-17 11:53:14.690017', 'd389d35e-c548-42cf-9f29-2a599969a8f2', 'd796884d-a8c4-4525-81e7-54a3b6099eac'),
('35e93f5c-9a33-49cc-ac3a-d05d3cc56532', NULL, '2022-11-17 11:53:14.690017', '2022-11-17 11:53:14.690017', '498d5805-dd64-4643-902d-95067d6e5ab5', 'd796884d-a8c4-4525-81e7-54a3b6099eac'),
('2afab2e6-e955-4b6c-9231-be378196acf1', NULL, '2022-11-17 11:53:14.690017', '2022-11-17 11:53:14.690017', 'fae443f8-e8ff-4eec-b86c-98216d7662d8', 'd796884d-a8c4-4525-81e7-54a3b6099eac'),
('042425e7-a53a-4945-995b-a878014e4c29', NULL, '2022-11-17 11:53:14.690017', '2022-11-17 11:53:14.690017', 'ac318f73-0c8e-43ed-b00e-d230670dc400', 'd796884d-a8c4-4525-81e7-54a3b6099eac'),
('b8760efa-eaaf-434a-9ed3-c2bab9b013ee', NULL, '2022-11-17 11:53:14.690017', '2022-11-17 11:53:14.690017', '7fbfb59b-e00e-46b2-85cd-64f9f9942daa', 'd796884d-a8c4-4525-81e7-54a3b6099eac'),
('cddf3877-f0ff-4274-bb2e-cd55c00474b2', NULL, '2022-11-17 11:53:14.690017', '2022-11-17 11:53:14.690017', 'f7c6016b-85b5-47f7-8027-23c2db482197', 'd796884d-a8c4-4525-81e7-54a3b6099eac'),
('87917065-69aa-48f8-9afb-aa166b938d98', NULL, '2022-11-17 11:53:14.690017', '2022-11-17 11:53:14.690017', 'f6ce0d0f-5794-463b-ad0b-8240ab9c49be', 'd796884d-a8c4-4525-81e7-54a3b6099eac'),
('8a188594-09bb-490b-8c16-90220469f477', NULL, '2022-11-17 11:53:14.690017', '2022-11-17 11:53:14.690017', '061820c0-bf6c-4b4a-9753-875f75d71a2c', 'd796884d-a8c4-4525-81e7-54a3b6099eac'),
('436cd54e-7f3a-4ab7-a581-b0aad91a7807', NULL, '2022-11-17 11:53:14.690017', '2022-11-17 11:53:14.690017', 'd42a6fca-d3b8-4a48-80f7-a95772abda56', 'd796884d-a8c4-4525-81e7-54a3b6099eac'),
('e8c8619d-295b-4d55-936f-cd6406f0857f', NULL, '2022-11-17 11:53:14.690017', '2022-11-17 11:53:14.690017', 'd675dfc5-acbe-4566-acde-f7cb132c0206', 'd796884d-a8c4-4525-81e7-54a3b6099eac'),
('f7a25073-6832-4ba0-a69e-b0a9c87c61b4', NULL, '2022-11-17 11:53:14.690017', '2022-11-17 11:53:14.690017', '38a00d4a-bc45-41de-965a-adc674ab82c9', 'd796884d-a8c4-4525-81e7-54a3b6099eac');

INSERT INTO public.projects (id, deleted_at, created_at, updated_at, name, type, start_date, end_date, status, country_id, client_email, project_email, code) VALUES
('dfa182fc-1d2d-49f6-a877-c01da9ce4207', NULL, '2022-11-11 18:06:56.362902', '2022-11-11 18:06:56.362902', 'Lorem ipsum', 'time-material', '2022-07-06', NULL, 'active', NULL, NULL, NULL, 'lorem'),
('8dc3be2e-19a4-4942-8a79-56db391a0b15', NULL, '2022-11-11 18:06:56.362902', '2022-11-11 18:06:56.362902', 'Fortress', 'dwarves', '2022-11-01', NULL, 'active', '4ef64490-c906-4192-a7f9-d2221dadfe4c', 'team@d.foundation', 'fortress@d.foundation','fortress');

INSERT INTO public.project_slots (id, deleted_at, created_at, updated_at, project_id, seniority_id, upsell_person_id, deployment_type, rate, discount, status) VALUES
('f32d08ca-8863-4ab3-8c84-a11849451eb7', NULL, '2022-11-11 18:19:56.156172', '2022-11-11 18:19:56.156172', '8dc3be2e-19a4-4942-8a79-56db391a0b15', 'dac16ce6-9e5a-4ff3-9ea2-fdea4853925e', NULL, 'official', 5000, 0, 'active'),
('bdc64b18-4c5f-4025-827a-f5b91d599dc7', NULL, '2022-11-11 18:19:56.156172', '2022-11-11 18:19:56.156172', '8dc3be2e-19a4-4942-8a79-56db391a0b15', 'dac16ce6-9e5a-4ff3-9ea2-fdea4853925e', NULL, 'shadow', 4000, 0, 'active'),
('1406fcce-6f90-4e0f-bea1-c373e2b2b5b1', NULL, '2022-11-11 18:19:56.156172', '2022-11-11 18:19:56.156172', '8dc3be2e-19a4-4942-8a79-56db391a0b15', 'dac16ce6-9e5a-4ff3-9ea2-fdea4853925e', NULL, 'official', 3000, 3, 'active'),
('b25bd3fa-eb6d-49d5-b278-7aacf4594f79', NULL, '2022-11-11 18:19:56.156172', '2022-11-11 18:19:56.156172', '8dc3be2e-19a4-4942-8a79-56db391a0b15', 'dac16ce6-9e5a-4ff3-9ea2-fdea4853925e', NULL, 'official', 3000, 3, 'active'),
('ce379dc0-95be-471a-9227-8e045a5630af', NULL, '2022-11-11 18:19:56.156172', '2022-11-11 18:19:56.156172', '8dc3be2e-19a4-4942-8a79-56db391a0b15', 'dac16ce6-9e5a-4ff3-9ea2-fdea4853925e', NULL, 'shadow', 4000, 0, 'active');

INSERT INTO public.project_members (id, deleted_at, created_at, updated_at, project_id, project_slot_id ,employee_id, seniority_id, start_date, end_date, rate, discount, status,deployment_type, upsell_person_id) VALUES
('cb889a9c-b20c-47ee-83b8-44b6d1721aca', NULL, '2022-11-11 18:19:56.156172', '2022-11-11 18:19:56.156172', '8dc3be2e-19a4-4942-8a79-56db391a0b15', 'f32d08ca-8863-4ab3-8c84-a11849451eb7', '2655832e-f009-4b73-a535-64c3a22e558f', 'dac16ce6-9e5a-4ff3-9ea2-fdea4853925e' ,'2022-11-01', NULL, 5000, 0, 'active', 'official', '608ea227-45a5-4c8a-af43-6c7280d96340'),
('7310b51a-3855-498b-99ab-41aa82934269', NULL, '2022-11-11 18:19:56.156172', '2022-11-11 18:19:56.156172', '8dc3be2e-19a4-4942-8a79-56db391a0b15', 'bdc64b18-4c5f-4025-827a-f5b91d599dc7', 'ecea9d15-05ba-4a4e-9787-54210e3b98ce', 'dac16ce6-9e5a-4ff3-9ea2-fdea4853925e' ,'2022-11-01', NULL, 4000, 0, 'active', 'shadow', '608ea227-45a5-4c8a-af43-6c7280d96340'),
('35149aab-0506-4eb3-9300-c706ccbf2bde', NULL, '2022-11-11 18:19:56.156172', '2022-11-11 18:19:56.156172', '8dc3be2e-19a4-4942-8a79-56db391a0b15', '1406fcce-6f90-4e0f-bea1-c373e2b2b5b1', '8d7c99c0-3253-4286-93a9-e7554cb327ef', 'dac16ce6-9e5a-4ff3-9ea2-fdea4853925e' ,'2022-11-01', NULL, 3000, 3, 'active', 'official', '608ea227-45a5-4c8a-af43-6c7280d96340'),
('5a9a07aa-e8f3-4b62-b9ad-0f057866dc6c', NULL, '2022-11-11 18:19:56.156172', '2022-11-11 18:19:56.156172', '8dc3be2e-19a4-4942-8a79-56db391a0b15', 'b25bd3fa-eb6d-49d5-b278-7aacf4594f79', 'eeae589a-94e3-49ac-a94c-fcfb084152b2', 'dac16ce6-9e5a-4ff3-9ea2-fdea4853925e' ,'2022-11-01', NULL, 3000, 3, 'active', 'official', '608ea227-45a5-4c8a-af43-6c7280d96340'),
('fcd5c16f-40fd-48b6-9649-410691373eea', NULL, '2022-11-11 18:19:56.156172', '2022-11-11 18:19:56.156172', '8dc3be2e-19a4-4942-8a79-56db391a0b15', 'ce379dc0-95be-471a-9227-8e045a5630af', '608ea227-45a5-4c8a-af43-6c7280d96340', 'dac16ce6-9e5a-4ff3-9ea2-fdea4853925e' ,'2022-11-01', NULL, 4000, 0, 'active', 'shadow', '608ea227-45a5-4c8a-af43-6c7280d96340');

INSERT INTO public.project_heads (id, deleted_at, created_at, updated_at, project_id, employee_id, start_date, end_date, commission_rate, position) VALUES
('528433a5-4001-408d-bd0c-3b032eef0a70', NULL, '2022-11-11 18:27:03.906845', '2022-11-11 18:27:03.906845', '8dc3be2e-19a4-4942-8a79-56db391a0b15', '2655832e-f009-4b73-a535-64c3a22e558f', '2022-11-01', NULL, 1, 'account-manager'),
('14d1d9f0-5f0f-49d5-8309-ac0a40de013d', NULL, '2022-11-11 18:27:03.906845', '2022-11-11 18:27:03.906845', '8dc3be2e-19a4-4942-8a79-56db391a0b15', '8d7c99c0-3253-4286-93a9-e7554cb327ef', '2022-11-11', NULL, 1, 'technical-lead'),
('e17b6bfc-79b0-4d65-ac88-559d8c597d2e', NULL, '2022-11-11 18:27:03.906845', '2022-11-11 18:27:03.906845', '8dc3be2e-19a4-4942-8a79-56db391a0b15', '608ea227-45a5-4c8a-af43-6c7280d96340', '2022-11-02', NULL, 2, 'sale-person'),
('72578fb2-921b-4c8b-b998-a4aec73da809', NULL, '2022-11-11 18:27:03.906845', '2022-11-11 18:27:03.906845', '8dc3be2e-19a4-4942-8a79-56db391a0b15', 'ecea9d15-05ba-4a4e-9787-54210e3b98ce', '2022-11-01', '2022-11-11', 2.5, 'technical-lead'),
('eca9fed2-21cf-4c75-9ab5-f6e5a13a0a75', NULL, '2022-11-11 18:27:03.906845', '2022-11-11 18:27:03.906845', '8dc3be2e-19a4-4942-8a79-56db391a0b15', '2655832e-f009-4b73-a535-64c3a22e558f', '2022-11-01', NULL, 0.5, 'delivery-manager');

INSERT INTO public.project_stacks (id, deleted_at, created_at, updated_at, project_id, stack_id) VALUES
('6b89cc06-33ca-4f48-825a-ab20da5cb287', NULL, '2022-11-11 18:39:34.923619', '2022-11-11 18:39:34.923619', '8dc3be2e-19a4-4942-8a79-56db391a0b15', '0ecf47c8-cca4-4c30-94bb-054b1124c44f'),
('da982888-1727-4c06-8e8a-86aff1f80f89', NULL, '2022-11-11 18:39:34.923619', '2022-11-11 18:39:34.923619', '8dc3be2e-19a4-4942-8a79-56db391a0b15', 'fa0f4e46-7eab-4e5c-9d31-30489e69fe2e'),
('371d797f-a639-4869-8026-67e682c6da4a', NULL, '2022-11-11 18:39:34.923619', '2022-11-11 18:39:34.923619', '8dc3be2e-19a4-4942-8a79-56db391a0b15', 'b403ef95-4269-4830-bbb6-8e56e5ec0af4');

INSERT INTO public.employee_stacks (id,deleted_at,created_at,updated_at,employee_id,stack_id) VALUES
('a9921fe8-3b77-46ad-a76d-172cb85e10a5',NULL,'2022-11-16 11:28:01.048359','2022-11-16 11:28:01.048359','ecea9d15-05ba-4a4e-9787-54210e3b98ce','0ecf47c8-cca4-4c30-94bb-054b1124c44f'),
('94de566e-9d1c-4ce7-a16a-0deaf3a45f9a',NULL,'2022-11-16 11:28:01.051869','2022-11-16 11:28:01.051869','ecea9d15-05ba-4a4e-9787-54210e3b98ce','fa0f4e46-7eab-4e5c-9d31-30489e69fe2e'),
('8eb2ffa5-68aa-4b0c-b113-e8b37297031e',NULL,'2022-11-16 11:28:01.053014','2022-11-16 11:28:01.053014','2655832e-f009-4b73-a535-64c3a22e558f','0ecf47c8-cca4-4c30-94bb-054b1124c44f'),
('e2c3d67b-47e3-4020-8684-2971b3e12b9b',NULL,'2022-11-16 11:28:01.054087','2022-11-16 11:28:01.054087','2655832e-f009-4b73-a535-64c3a22e558f','b403ef95-4269-4830-bbb6-8e56e5ec0af4'),
('c3fd413f-1a7e-4be9-939b-97745ae98715',NULL,'2022-11-16 11:28:01.059009','2022-11-16 11:28:01.059009','8d7c99c0-3253-4286-93a9-e7554cb327ef','fa0f4e46-7eab-4e5c-9d31-30489e69fe2e'),
('da9f4cb2-0230-4c28-babb-7ed7ca9d5682',NULL,'2022-11-16 11:28:01.060256','2022-11-16 11:28:01.060256','8d7c99c0-3253-4286-93a9-e7554cb327ef','b403ef95-4269-4830-bbb6-8e56e5ec0af4'),
('4c137480-98af-4dcb-a7c0-ec56cc02468b',NULL,'2022-11-16 11:28:01.06115','2022-11-16 11:28:01.06115','eeae589a-94e3-49ac-a94c-fcfb084152b2','0ecf47c8-cca4-4c30-94bb-054b1124c44f'),
('37ba3955-2917-4f09-a647-74486e56b28f',NULL,'2022-11-16 11:28:01.061939','2022-11-16 11:28:01.061939','608ea227-45a5-4c8a-af43-6c7280d96340','b403ef95-4269-4830-bbb6-8e56e5ec0af4'),
('91f87f40-708e-4a6f-bda6-0ff00c243517',NULL,'2022-11-17 12:03:49.970205','2022-11-17 12:03:49.970205','3f705527-0455-4e67-a585-6c1f23726fff','0ecf47c8-cca4-4c30-94bb-054b1124c44f'),
('b77ab8ab-79a4-4d89-94fe-bcc8d92af852',NULL,'2022-11-17 12:03:49.970205','2022-11-17 12:03:49.970205','d1b1dcbe-f4ed-49cc-a16b-56c9a3145c14','0ecf47c8-cca4-4c30-94bb-054b1124c44f'),
('e0f3378b-12a4-4417-8ee8-93f014cf322d',NULL,'2022-11-17 12:03:49.970205','2022-11-17 12:03:49.970205','7bcf4b45-0279-4da2-84e4-eec5d9d05ba3','0ecf47c8-cca4-4c30-94bb-054b1124c44f'),
('0250f55d-493f-4457-8ca5-a0033129b2ea',NULL,'2022-11-17 12:03:49.970205','2022-11-17 12:03:49.970205','37e00d47-de69-4ac8-991b-cf3e39565c00','0ecf47c8-cca4-4c30-94bb-054b1124c44f'),
('3c882e45-fbf8-4eec-a66c-d69d82cbad58',NULL,'2022-11-17 12:03:49.970205','2022-11-17 12:03:49.970205','dcfee24b-306d-4609-9c24-a4021639a11b','0ecf47c8-cca4-4c30-94bb-054b1124c44f'),
('ead295a9-be02-4075-90be-d22741f18663',NULL,'2022-11-17 12:03:49.970205','2022-11-17 12:03:49.970205','a1f25e3e-cf40-4d97-a4d5-c27ee566b8c5','0ecf47c8-cca4-4c30-94bb-054b1124c44f'),
('79b964de-e86a-4bdd-b4ce-c946a85ddf83',NULL,'2022-11-17 12:03:49.970205','2022-11-17 12:03:49.970205','d389d35e-c548-42cf-9f29-2a599969a8f2','0ecf47c8-cca4-4c30-94bb-054b1124c44f'),
('317a6519-96c5-43ed-a797-239285a2a4af',NULL,'2022-11-17 12:03:49.970205','2022-11-17 12:03:49.970205','498d5805-dd64-4643-902d-95067d6e5ab5','0ecf47c8-cca4-4c30-94bb-054b1124c44f'),
('f5b88b19-0420-472a-b2e7-280ba6a87033',NULL,'2022-11-17 12:03:49.970205','2022-11-17 12:03:49.970205','fae443f8-e8ff-4eec-b86c-98216d7662d8','0ecf47c8-cca4-4c30-94bb-054b1124c44f'),
('94cdb154-a8ba-4eb0-aab7-844dd9ac0150',NULL,'2022-11-17 12:03:49.970205','2022-11-17 12:03:49.970205','ac318f73-0c8e-43ed-b00e-d230670dc400','0ecf47c8-cca4-4c30-94bb-054b1124c44f'),
('72daab6f-8e68-4c0d-8ed7-4c6b1dc05000',NULL,'2022-11-17 12:04:01.64086','2022-11-17 12:04:01.64086','7fbfb59b-e00e-46b2-85cd-64f9f9942daa','fa0f4e46-7eab-4e5c-9d31-30489e69fe2e'),
('cda852a5-c08f-4358-99b4-416a16f3df0d',NULL,'2022-11-17 12:04:01.64086','2022-11-17 12:04:01.64086','f7c6016b-85b5-47f7-8027-23c2db482197','fa0f4e46-7eab-4e5c-9d31-30489e69fe2e'),
('ba971851-654c-4993-b385-99226fdc6c89',NULL,'2022-11-17 12:04:01.64086','2022-11-17 12:04:01.64086','f6ce0d0f-5794-463b-ad0b-8240ab9c49be','fa0f4e46-7eab-4e5c-9d31-30489e69fe2e'),
('6bcc6365-244c-41a6-8b8e-195be11cefa5',NULL,'2022-11-17 12:04:01.64086','2022-11-17 12:04:01.64086','061820c0-bf6c-4b4a-9753-875f75d71a2c','fa0f4e46-7eab-4e5c-9d31-30489e69fe2e'),
('a5150d8f-66d4-478c-a911-27034745fde5',NULL,'2022-11-17 12:04:01.64086','2022-11-17 12:04:01.64086','d42a6fca-d3b8-4a48-80f7-a95772abda56','fa0f4e46-7eab-4e5c-9d31-30489e69fe2e'),
('769ecb7f-59af-4227-af4c-ae95ebd8d7e9',NULL,'2022-11-17 12:04:01.64086','2022-11-17 12:04:01.64086','d675dfc5-acbe-4566-acde-f7cb132c0206','fa0f4e46-7eab-4e5c-9d31-30489e69fe2e'),
('492682dd-56ae-47c0-bd96-0616999cfc1e',NULL,'2022-11-17 12:04:01.64086','2022-11-17 12:04:01.64086','38a00d4a-bc45-41de-965a-adc674ab82c9','fa0f4e46-7eab-4e5c-9d31-30489e69fe2e'),
('38c5b4fa-ba27-4b7d-b37e-8227f1251bb9',NULL,'2022-11-17 12:04:47.072814','2022-11-17 12:04:47.072814','ecea9d15-05ba-4a4e-9787-54210e3b98ce','b403ef95-4269-4830-bbb6-8e56e5ec0af4'),
('f694cc53-7435-4b8e-b1eb-b67c28d90f48',NULL,'2022-11-17 12:04:47.072814','2022-11-17 12:04:47.072814','3f705527-0455-4e67-a585-6c1f23726fff','b403ef95-4269-4830-bbb6-8e56e5ec0af4'),
('da51e41c-f3d0-434a-9c5a-ccdd63050fc0',NULL,'2022-11-17 12:04:47.072814','2022-11-17 12:04:47.072814','d1b1dcbe-f4ed-49cc-a16b-56c9a3145c14','b403ef95-4269-4830-bbb6-8e56e5ec0af4'),
('b807dd00-1e8d-4bf3-b36a-06448ce951d3',NULL,'2022-11-17 12:04:47.072814','2022-11-17 12:04:47.072814','7bcf4b45-0279-4da2-84e4-eec5d9d05ba3','b403ef95-4269-4830-bbb6-8e56e5ec0af4'),
('3547a33b-987c-4b11-be28-922748c91fe1',NULL,'2022-11-17 12:04:47.072814','2022-11-17 12:04:47.072814','37e00d47-de69-4ac8-991b-cf3e39565c00','b403ef95-4269-4830-bbb6-8e56e5ec0af4'),
('eba10181-828f-4af4-8fc4-a974c286fd3c',NULL,'2022-11-17 12:04:47.072814','2022-11-17 12:04:47.072814','dcfee24b-306d-4609-9c24-a4021639a11b','b403ef95-4269-4830-bbb6-8e56e5ec0af4'),
('ed8ab5bf-db10-4e1a-99f4-c8a9709e3d74',NULL,'2022-11-17 12:04:47.072814','2022-11-17 12:04:47.072814','a1f25e3e-cf40-4d97-a4d5-c27ee566b8c5','b403ef95-4269-4830-bbb6-8e56e5ec0af4'),
('5907d70e-3fbb-4d83-a385-2959cc07a946',NULL,'2022-11-17 12:04:47.072814','2022-11-17 12:04:47.072814','d389d35e-c548-42cf-9f29-2a599969a8f2','b403ef95-4269-4830-bbb6-8e56e5ec0af4'),
('ab44eab9-b8e7-4ff6-bbc6-cef201c1c9dc',NULL,'2022-11-17 12:04:47.072814','2022-11-17 12:04:47.072814','498d5805-dd64-4643-902d-95067d6e5ab5','b403ef95-4269-4830-bbb6-8e56e5ec0af4');

INSERT INTO public.employee_positions (id, deleted_at, created_at, updated_at, employee_id, position_id) VALUES
('e61bf924-1eff-426f-8f71-ab49446134fb',NULL,'2022-11-16 02:45:17.982659','2022-11-16 02:45:17.982659','2655832e-f009-4b73-a535-64c3a22e558f','11ccffea-2cc9-4e98-9bef-3464dfe4dec8'),
('d7b49b9e-4b51-4e3a-a7be-b94143215f7a',NULL,'2022-11-16 02:45:17.995921','2022-11-16 02:45:17.995921','2655832e-f009-4b73-a535-64c3a22e558f','d796884d-a8c4-4525-81e7-54a3b6099eac'),
('4bb1ea40-c002-4fd9-8f60-82b3aa9459d7',NULL,'2022-11-16 02:45:17.997153','2022-11-16 02:45:17.997153','ecea9d15-05ba-4a4e-9787-54210e3b98ce','dac16ce6-9e5a-4ff3-9ea2-fdea4853925e'),
('8fb91cd7-f461-49fb-8b7b-9ef9b524789d',NULL,'2022-11-16 02:45:17.998377','2022-11-16 02:45:17.998377','ecea9d15-05ba-4a4e-9787-54210e3b98ce','01fb6322-d727-47e3-a242-5039ea4732fc'),
('3e381f98-8303-4274-ba85-dd3d91b03178',NULL,'2022-11-17 17:36:17.856267','2022-11-17 17:36:17.856267','ecea9d15-05ba-4a4e-9787-54210e3b98ce','11ccffea-2cc9-4e98-9bef-3464dfe4dec8'),
('f5b780db-0ac9-4518-9856-ed4d655c4080',NULL,'2022-11-17 17:36:17.856267','2022-11-17 17:36:17.856267','8d7c99c0-3253-4286-93a9-e7554cb327ef','11ccffea-2cc9-4e98-9bef-3464dfe4dec8'),
('60317315-4e43-4876-9763-ac11358fe3be',NULL,'2022-11-17 17:36:17.856267','2022-11-17 17:36:17.856267','eeae589a-94e3-49ac-a94c-fcfb084152b2','11ccffea-2cc9-4e98-9bef-3464dfe4dec8'),
('afa89e38-6f39-4317-83de-2eb7fc6b1a4b',NULL,'2022-11-17 17:36:17.856267','2022-11-17 17:36:17.856267','608ea227-45a5-4c8a-af43-6c7280d96340','11ccffea-2cc9-4e98-9bef-3464dfe4dec8'),
('204f81e3-f504-4590-bbac-d18a0367a300',NULL,'2022-11-17 17:36:17.856267','2022-11-17 17:36:17.856267','3f705527-0455-4e67-a585-6c1f23726fff','11ccffea-2cc9-4e98-9bef-3464dfe4dec8'),
('7f56677b-ce3a-4eb7-821a-7e76e8d8c1c3',NULL,'2022-11-17 17:36:30.869365','2022-11-17 17:36:30.869365','ecea9d15-05ba-4a4e-9787-54210e3b98ce','d796884d-a8c4-4525-81e7-54a3b6099eac'),
('b664cc94-e919-44ca-9486-0779f4f485a2',NULL,'2022-11-17 17:36:30.869365','2022-11-17 17:36:30.869365','8d7c99c0-3253-4286-93a9-e7554cb327ef','d796884d-a8c4-4525-81e7-54a3b6099eac'),
('efe6202f-83e5-4c6a-b33c-2633269bb6d0',NULL,'2022-11-17 17:36:30.869365','2022-11-17 17:36:30.869365','eeae589a-94e3-49ac-a94c-fcfb084152b2','d796884d-a8c4-4525-81e7-54a3b6099eac'),
('8480b031-0981-43ee-ae9b-7a553b0decae',NULL,'2022-11-17 17:36:30.869365','2022-11-17 17:36:30.869365','608ea227-45a5-4c8a-af43-6c7280d96340','d796884d-a8c4-4525-81e7-54a3b6099eac'),
('9398494e-1d50-4cec-9b30-c5245d2e89d1',NULL,'2022-11-17 17:36:30.869365','2022-11-17 17:36:30.869365','3f705527-0455-4e67-a585-6c1f23726fff','d796884d-a8c4-4525-81e7-54a3b6099eac'),
('9742e6c2-03ca-4956-b93e-31dc5e829bc3',NULL,'2022-11-17 17:36:44.72235','2022-11-17 17:36:44.72235','2655832e-f009-4b73-a535-64c3a22e558f','dac16ce6-9e5a-4ff3-9ea2-fdea4853925e'),
('2528efdb-dab7-4a8b-840c-2512222a77a4',NULL,'2022-11-17 17:36:44.72235','2022-11-17 17:36:44.72235','8d7c99c0-3253-4286-93a9-e7554cb327ef','dac16ce6-9e5a-4ff3-9ea2-fdea4853925e'),
('efbf9aea-c855-40b0-8585-60430320c2a9',NULL,'2022-11-17 17:36:44.72235','2022-11-17 17:36:44.72235','eeae589a-94e3-49ac-a94c-fcfb084152b2','dac16ce6-9e5a-4ff3-9ea2-fdea4853925e'),
('6c81fd09-671a-4954-a552-cbedacc2a57f',NULL,'2022-11-17 17:36:44.72235','2022-11-17 17:36:44.72235','608ea227-45a5-4c8a-af43-6c7280d96340','dac16ce6-9e5a-4ff3-9ea2-fdea4853925e'),
('d41e060c-cc12-42a6-93ae-1ea0ca93e581',NULL,'2022-11-17 17:36:44.72235','2022-11-17 17:36:44.72235','3f705527-0455-4e67-a585-6c1f23726fff','dac16ce6-9e5a-4ff3-9ea2-fdea4853925e'),
('c8e4b92c-7800-4fc7-b4f7-38b2916a84fa',NULL,'2022-11-17 17:36:55.66746','2022-11-17 17:36:55.66746','d1b1dcbe-f4ed-49cc-a16b-56c9a3145c14','dac16ce6-9e5a-4ff3-9ea2-fdea4853925e'),
('600cf853-10bc-4e31-a570-53441c10df4c',NULL,'2022-11-17 17:36:55.66746','2022-11-17 17:36:55.66746','7bcf4b45-0279-4da2-84e4-eec5d9d05ba3','dac16ce6-9e5a-4ff3-9ea2-fdea4853925e'),
('06a32e7f-adf7-4b54-82e3-bde16ea42f45',NULL,'2022-11-17 17:36:55.66746','2022-11-17 17:36:55.66746','37e00d47-de69-4ac8-991b-cf3e39565c00','dac16ce6-9e5a-4ff3-9ea2-fdea4853925e'),
('f14c40d8-3b0b-4dc0-a7cf-4113c261a753',NULL,'2022-11-17 17:36:55.66746','2022-11-17 17:36:55.66746','dcfee24b-306d-4609-9c24-a4021639a11b','dac16ce6-9e5a-4ff3-9ea2-fdea4853925e'),
('6fed5faf-4469-4000-9460-0309b66e12bb',NULL,'2022-11-17 17:36:55.66746','2022-11-17 17:36:55.66746','a1f25e3e-cf40-4d97-a4d5-c27ee566b8c5','dac16ce6-9e5a-4ff3-9ea2-fdea4853925e'),
('3ae11671-c1ba-4fcd-bcca-39fa5acf743c',NULL,'2022-11-17 17:36:57.353623','2022-11-17 17:36:57.353623','d389d35e-c548-42cf-9f29-2a599969a8f2','dac16ce6-9e5a-4ff3-9ea2-fdea4853925e'),
('039ac595-6be8-4e89-bb9b-d98b37b91477',NULL,'2022-11-17 17:36:57.353623','2022-11-17 17:36:57.353623','498d5805-dd64-4643-902d-95067d6e5ab5','dac16ce6-9e5a-4ff3-9ea2-fdea4853925e'),
('63cbf470-4ed3-464f-bbc1-42da8b83f497',NULL,'2022-11-17 17:36:57.353623','2022-11-17 17:36:57.353623','fae443f8-e8ff-4eec-b86c-98216d7662d8','dac16ce6-9e5a-4ff3-9ea2-fdea4853925e'),
('ce54e86f-e49d-488a-86f8-80b85709d91d',NULL,'2022-11-17 17:36:57.353623','2022-11-17 17:36:57.353623','ac318f73-0c8e-43ed-b00e-d230670dc400','dac16ce6-9e5a-4ff3-9ea2-fdea4853925e'),
('c47438ca-86b2-4026-997c-a40a57ed3d7f',NULL,'2022-11-17 17:36:57.353623','2022-11-17 17:36:57.353623','7fbfb59b-e00e-46b2-85cd-64f9f9942daa','dac16ce6-9e5a-4ff3-9ea2-fdea4853925e'),
('def814fb-ff7c-4663-bb99-a359c3c0b24e',NULL,'2022-11-17 17:37:04.691623','2022-11-17 17:37:04.691623','2655832e-f009-4b73-a535-64c3a22e558f','01fb6322-d727-47e3-a242-5039ea4732fc'),
('e73928ba-cd5a-4edd-8ea7-18859d6dd1c9',NULL,'2022-11-17 17:37:04.691623','2022-11-17 17:37:04.691623','8d7c99c0-3253-4286-93a9-e7554cb327ef','01fb6322-d727-47e3-a242-5039ea4732fc'),
('17512e68-dafe-481c-aedc-f7f9ec0b3294',NULL,'2022-11-17 17:37:04.691623','2022-11-17 17:37:04.691623','eeae589a-94e3-49ac-a94c-fcfb084152b2','01fb6322-d727-47e3-a242-5039ea4732fc'),
('008619ad-89cd-4da3-841c-c0eb7f890d9f',NULL,'2022-11-17 17:37:04.691623','2022-11-17 17:37:04.691623','608ea227-45a5-4c8a-af43-6c7280d96340','01fb6322-d727-47e3-a242-5039ea4732fc'),
('cfc6049e-6195-4199-8b89-3280558e03f2',NULL,'2022-11-17 17:37:04.691623','2022-11-17 17:37:04.691623','3f705527-0455-4e67-a585-6c1f23726fff','01fb6322-d727-47e3-a242-5039ea4732fc');

INSERT INTO public.project_slot_positions (id,deleted_at,created_at,updated_at,project_slot_id,position_id) VALUES
('44cb1c10-1a39-4c92-bb85-532b7456b456',NULL,'2022-11-18 01:11:32.830016','2022-11-18 01:11:32.830016','f32d08ca-8863-4ab3-8c84-a11849451eb7','11ccffea-2cc9-4e98-9bef-3464dfe4dec8'),
('28afce2a-e01b-4230-8977-429a3d04e47b',NULL,'2022-11-18 01:11:41.429707','2022-11-18 01:11:41.429707','bdc64b18-4c5f-4025-827a-f5b91d599dc7','d796884d-a8c4-4525-81e7-54a3b6099eac'),
('7fc83d8e-ce33-470e-9ef7-c8249c20b2ed',NULL,'2022-11-18 01:11:42.646576','2022-11-18 01:11:42.646576','1406fcce-6f90-4e0f-bea1-c373e2b2b5b1','d796884d-a8c4-4525-81e7-54a3b6099eac'),
('f2de0d25-8f8b-433d-af8c-2a2df454b2e7',NULL,'2022-11-18 01:11:52.215061','2022-11-18 01:11:52.215061','b25bd3fa-eb6d-49d5-b278-7aacf4594f79','dac16ce6-9e5a-4ff3-9ea2-fdea4853925e'),
('e043f0cf-4a25-40c3-a6ee-e68029387dd0',NULL,'2022-11-18 01:12:05.162737','2022-11-18 01:12:05.162737','ce379dc0-95be-471a-9227-8e045a5630af','11ccffea-2cc9-4e98-9bef-3464dfe4dec8');

INSERT INTO public.project_member_positions (id,deleted_at,created_at,updated_at,project_member_id,position_id) VALUES
('df34612a-df98-4618-8e29-c56916347302',NULL,'2022-11-18 01:14:36.711168','2022-11-18 01:14:36.711168','cb889a9c-b20c-47ee-83b8-44b6d1721aca','11ccffea-2cc9-4e98-9bef-3464dfe4dec8'),
('fe6dba87-98b3-466a-86f1-2c98b62b83e1',NULL,'2022-11-18 01:14:37.611091','2022-11-18 01:14:37.611091','7310b51a-3855-498b-99ab-41aa82934269','11ccffea-2cc9-4e98-9bef-3464dfe4dec8'),
('34aada0f-69ec-420e-a4e6-2db8d9c6d8e9',NULL,'2022-11-18 01:14:38.042046','2022-11-18 01:14:38.042046','35149aab-0506-4eb3-9300-c706ccbf2bde','11ccffea-2cc9-4e98-9bef-3464dfe4dec8'),
('3a35f08a-5af8-4145-bbb9-3eea86ee7783',NULL,'2022-11-18 01:14:47.124502','2022-11-18 01:14:47.124502','5a9a07aa-e8f3-4b62-b9ad-0f057866dc6c','d796884d-a8c4-4525-81e7-54a3b6099eac'),
('913e5ecb-0053-4ff3-aa23-64dd96f216a6',NULL,'2022-11-18 01:14:47.556013','2022-11-18 01:14:47.556013','fcd5c16f-40fd-48b6-9649-410691373eea','d796884d-a8c4-4525-81e7-54a3b6099eac');

INSERT INTO public.work_units (id, deleted_at, created_at, updated_at, name, status, type, source_url, project_id, source_metadata) VALUES 
('4797347d-21e0-4dac-a6c7-c98bf2d6b27c', NULL, '2022-11-29 08:03:33.233262', '2022-11-29 08:03:33.233262', 'Fortress API', 'active', 'development', 'https://github.com/dwarvesf/fortress-api', '8dc3be2e-19a4-4942-8a79-56db391a0b15', '[]'),
('69b32f7e-0433-4566-a801-72909172940e', NULL, '2022-11-29 08:03:33.233262', '2022-11-29 08:03:33.233262', 'Fortress Web', 'archived', 'management', 'https://github.com/dwarvesf/fortress-web', 'dfa182fc-1d2d-49f6-a877-c01da9ce4207', '[]');

INSERT INTO public.work_unit_stacks (id, deleted_at, created_at, updated_at, stack_id, work_unit_id) VALUES 
('95851b98-c8d0-46f6-b6b0-8dd2037f44d6', NULL, '2022-11-29 08:03:33.233262', '2022-11-29 08:03:33.233262', '0ecf47c8-cca4-4c30-94bb-054b1124c44f', '4797347d-21e0-4dac-a6c7-c98bf2d6b27c'),
('f1ddeeb2-ad44-4c97-a934-86ad8f24ca57', NULL, '2022-11-29 08:03:33.233262', '2022-11-29 08:03:33.233262', 'fa0f4e46-7eab-4e5c-9d31-30489e69fe2e', '4797347d-21e0-4dac-a6c7-c98bf2d6b27c'),
('9b7c9d01-75a3-4386-93a7-4ff099887847', NULL, '2022-11-29 08:03:33.233262', '2022-11-29 08:03:33.233262', 'b403ef95-4269-4830-bbb6-8e56e5ec0af4', '69b32f7e-0433-4566-a801-72909172940e'),
('b851f3bc-a758-4e28-834b-0d2c0a04bf71', NULL, '2022-11-29 08:03:33.233262', '2022-11-29 08:03:33.233262', 'fa0f4e46-7eab-4e5c-9d31-30489e69fe2e', '69b32f7e-0433-4566-a801-72909172940e');

INSERT INTO public.work_unit_members (id, deleted_at, created_at, updated_at, start_date, end_date, status, project_id, employee_id, work_unit_id) VALUES 
('303fd2e5-0b4d-401c-b5fa-74820991e6c0', NULL, '2022-11-29 08:03:33.233262', '2022-11-29 08:03:33.233262', '2022-11-29', NULL, 'active', '8dc3be2e-19a4-4942-8a79-56db391a0b15', '2655832e-f009-4b73-a535-64c3a22e558f', '4797347d-21e0-4dac-a6c7-c98bf2d6b27c'),
('f79ae054-4ab4-41cd-aa5f-c871887cc35c', NULL, '2022-11-29 08:03:33.233262', '2022-11-29 08:03:33.233262', '2022-11-29', NULL, 'active', '8dc3be2e-19a4-4942-8a79-56db391a0b15', 'ecea9d15-05ba-4a4e-9787-54210e3b98ce', '69b32f7e-0433-4566-a801-72909172940e'),
('7e4da4ac-241f-4af8-b0a0-f59e5a64065b', NULL, '2022-11-29 08:03:33.233262', '2022-11-29 08:03:33.233262', '2022-11-29', NULL, 'active', '8dc3be2e-19a4-4942-8a79-56db391a0b15', '8d7c99c0-3253-4286-93a9-e7554cb327ef', '69b32f7e-0433-4566-a801-72909172940e'),
('93954bcd-d5e9-4c4c-ad30-7de5fd332a80', NULL, '2022-11-29 08:03:33.233262', '2022-11-29 08:03:33.233262', '2022-11-29', NULL, 'inactive', '8dc3be2e-19a4-4942-8a79-56db391a0b15', 'eeae589a-94e3-49ac-a94c-fcfb084152b2', '69b32f7e-0433-4566-a801-72909172940e'),
('e14f68f8-7ed5-4a59-9df8-275573537861', NULL, '2022-11-29 08:03:33.233262', '2022-11-29 08:03:33.233262', '2022-11-29', NULL, 'inactive', '8dc3be2e-19a4-4942-8a79-56db391a0b15', '608ea227-45a5-4c8a-af43-6c7280d96340', '4797347d-21e0-4dac-a6c7-c98bf2d6b27c'),
('799708d7-855b-4a42-b169-7c9891f0b218', NULL, '2022-11-29 08:03:33.233262', '2022-11-29 08:03:33.233262', '2022-11-29', NULL, 'inactive', '8dc3be2e-19a4-4942-8a79-56db391a0b15', 'ecea9d15-05ba-4a4e-9787-54210e3b98ce', '4797347d-21e0-4dac-a6c7-c98bf2d6b27c');
